Name,URL,isAds
pwc,pwc.com,
tallysolutions,tallysolutions.com,
opentuition,opentuition.com,
taxadda,taxadda.com,
jsagroup,jsagroup.co.uk,
entigrity,entigrity.com,
gstcalculator,gstcalculator.net,
deskera,deskera.com,
mastersindia,mastersindia.co,
cra-arc,cra-arc.gc.ca,
acra,acra.gov.sg,
babatax,babatax.com,
hostbooks,hostbooks.com,
vjmglobal,vjmglobal.com,
becker,becker.com,
taxspanner,taxspanner.com,
kghcustoms,kghcustoms.com,
mytaxprepoffice,mytaxprepoffice.com,
financestrategists,financestrategists.com,
kaplan,kaplan.co.uk,
deloitte,deloitte.com,
cpaontario,cpaontario.ca,
grantthornton,grantthornton.in,
studycafe,studycafe.in,
vglearningdestination,vglearningdestination.com,
thefinancestory,thefinancestory.com,
gocardless,gocardless.com,
imanet,imanet.org,
indigolearn,indigolearn.com,
voicestorm,voicestorm.com,
aaconsultancy,aaconsultancy.ae,
vinodkothari,vinodkothari.com,
proschoolonline,proschoolonline.com,
thetaxtalk,thetaxtalk.com,
simandhareducation,simandhareducation.com,
taxscan,taxscan.in,
taxfull,taxfull.com,
checkmark,checkmark.com,
thesalarycalculator,thesalarycalculator.co.uk,
tutorstips,tutorstips.com,
accounting,accounting.com,
setindiabiz,setindiabiz.com,
paysquare,paysquare.com,
xero,xero.com,
aubsp,aubsp.com,
bookkeeperapp,bookkeeperapp.net,
mca,mca.gov.in,
abcaus,abcaus.in,
hrblock,hrblock.com.au,
crowe,crowe.com,
sharefile,sharefile.com,
itatonline,itatonline.org,
eirc-icai,eirc-icai.org,
hockinternational,hockinternational.com,
kaufmanrossin,kaufmanrossin.com,
quatrrobss,quatrrobss.com,
mileseducation,mileseducation.com,
accaglobal,accaglobal.com,
gsthero,gsthero.com,
patriotsoftware,patriotsoftware.com,
edu91,edu91.org,
studyalert,studyalert.net,
prism,prism.horse,
wirc-icai,wirc-icai.org,
acowtancy,acowtancy.com,
saginfotech,saginfotech.com,
onvio,onvio.com.br,
viewcentral,viewcentral.com,
sirc-icai,sirc-icai.org,
koinly,koinly.io,
uworld,uworld.com,
mileiq,mileiq.com,
icai,icai.org,
taxslayerpro,taxslayerpro.com,
efile,efile.com,
caclubindia,caclubindia.com,
tax,tax.gov.ae,
vilgst,vilgst.com,
vanta,vanta.com,
eztax,eztax.in,
agicap,agicap.com,
capage,capage.in,
fraud-magazine,fraud-magazine.com,
ebizfiling,ebizfiling.com,
universalcpareview,universalcpareview.com,
taxsutra,taxsutra.com,
driversnote,driversnote.com,
legalwiz,legalwiz.in,
kpmg,kpmg.com,
cablogindia,cablogindia.com,
appzen,appzen.com,
accountingcapital,accountingcapital.com,
corpbiz,corpbiz.io,
bdo,bdo.in,
ahujaandahuja,ahujaandahuja.in,
freshbooks,freshbooks.com,
ey,ey.com,
taxmann,taxmann.com,
gleim,gleim.com,
cpeicai,cpeicai.org,
