Domain Name,Total Traffic
cra-arc.gc.ca,30094172
xero.com,24018946
freetaxusa.com,14273377
uworld.com,13403451
icai.org,12886441
rd.go.th,11625051
deloitte.com,11579275
playblackdesert.com,10881293
sharefile.com,9965947
bdo.com.ph,9396280
ey.com,8602637
taxact.com,7080043
pwc.com,5316722
admicom.fi,5150033
studycafe.in,4539555
thesalarycalculator.co.uk,4094320
bdocodex.com,4055142
taxslayer.com,4052083
accaglobal.com,3986629
rfb.gov.br,3674648
mca.gov.in,3611242
freshbooks.com,3479564
kpmg.com,3181307
eftps.gov,2854159
myob.com,2751741
taxes.gov.il,2636651
gocardless.com,2616994
onvio.com.br,2592320
tallysolutions.com,2585959
exactonline.nl,2428869
mip.com,2407996
visma.net,2232798
jacksonhewitt.com,2185325
sarsefiling.co.za,2163267
hmrc.gov.uk,2008330
koinly.io,1821254
iris.co.uk,1815943
onvio.us,1794984
taxfoundation.org,1778173
smartbill.ro,1732609
taxcreditco.com,1726640
moedelo.org,1659658
securefilepro.com,1625669
ramp.com,1617926
myfileguardian.com,1586078
meifacil.com,1523160
hrblock.ca,1517063
safesendreturns.com,1509942
becker.com,1483293
freeagent.com,1474395
ufile.ca,1458647
loket.nl,1452474
expensify.com,1432372
paycalculator.com.au,1412876
fortnox.se,1379416
clientportal.com,1364897
goodbarber.app,1342357
contabilizei.com,1320593
yourpayroll.com.au,1277932
dinero.dk,1261943
caclubindia.com,1245556
istanbultaksi.org,1244752
sageone.co.za,1169582
netlinksolution.com,1162051
dext.com,1160572
companieshouse.gov.uk,1146891
procas.com,1114171
aplos.com,1112209
calculator-salarii.ro,1099524
skr.jp,1046334
sprintax.com,1044353
sageone.com,1043248
track1099.com,1032191
acessorias.com,1029572
surepayroll.com,1017654
vismaonline.com,1002710
codiciateco.it,993481
fiscozen.it,978649
fiken.no,929942
cchifirm.ca,920576
mon-expert-en-gestion.fr,919951
hrblockonline.ca,882977
eztaxreturn.com,881024
taxslayerpro.com,865206
shine.fr,859074
taxmann.com,841014
facture.net,829875
1040.com,818588
securefirmportal.com,812384
irisopenpayslips.co.uk,795448
mileseducation.com,789710
bpp.com,784991
patriotsoftware.com,780347
rsmuk.com,765883
cryptotaxcalculator.io,763414
tide.co,754629
finances.gov.tn,738979
compta-online.com,730530
econeteditora.com.br,714251
imanet.org,706606
linktr.ee,428959907
smadex.com,131404413
blogger.com,118969155
cutt.ly,102982485
kochava.com,73549349
hotmart.com,73161928
tenjin.io,58537006
shorturl.at,52408556
storysaver.net,50532326
snapsave.app,46842319
semrush.com,39386284
fb.com,36808406
bidease.com,34008056
appcast.io,32891122
tiktokcounter.net,29551039
wa.link,27875464
g.page,27544654
mailchimp.com,26448047
duplichecker.com,26359276
rb.gy,25690776
smallseotools.com,24791785
constantcontact.com,22332410
systeme.io,21899273
youappi.com,19242184
bitly.com,18788001
imginn.com,18339828
bitly.ws,17556077
portalinsights.com.br,16812432
aweber.com,16768813
socialblade.com,16666973
clipchamp.com,16612578
retailmenot.com,16427765
webinarjam.com,16338263
gleam.io,15658993
taplink.cc,15317077
ahrefs.com,14222741
wave.video,13194857
macromill.com,13123303
myfonts.com,12968335
invideo.io,12895602
convertkit.com,12795305
manychat.com,12774228
addtoany.com,11732674
hootsuite.com,11694513
pixwox.com,11654580
voyado.com,10904927
about.google,10362211
toutiao.com,10091462
acortar.link,10090465
sheerid.com,10069915
mailerlite.com,9215753
wechat.com,9146951
clickfunnels.com,9048932
getresponse.com,9009522
kajabi.com,8908904
infusionsoft.com,8885608
publer.io,8374807
bazaarvoice.com,8148011
best-hashtags.com,8047862
nothing.tech,7743739
dealspotr.com,7734323
chinesean.com,7673287
eduzz.com,7650765
remerge.io,7480193
couponfollow.com,7334274
pinchme.com,7261780
dealsea.com,7194009
expandcart.com,7156817
bigcommerce.com,7073014
singular.net,7021880
topcashback.co.uk,7008914
glossgenius.com,6941946
superawesome.tv,6931637
iamrohit.in,6721286
yotpo.com,6448138
kartra.com,6418882
wethrift.com,6410004
home.pl,6289569
heyzine.com,6285246
hotpot.ai,6284007
kayzen.io,6266261
klaviyo.com,6189909
podia.com,6184149
yaytext.com,6154241
vidiq.com,6085434
jimdo.com,6070577
gemius.com,6055866
hybrid.ai,6011426
lnk.bio,5990215
appsamurai.com,5879530
ayetstudios.com,5750445
ipaper.io,5713185
instafollowers.co,5481667
popin.cc,5378321
media-amazon.com,5343776
mediaalpha.com,5336433
linkin.bio,5322286
adbrix.io,5295724
sharethis.com,5221658
later.com,5216128
topwar.ru,35117410
military.com,11639372
idrw.org,10559459
af.mil,8870442
defence-ua.com,8729035
defenseromania.ro,7997229
opex360.com,7366231
spacex.com,7336824
osd.mil,6826137
grandfleet.info,6667551
silencershop.com,6607488
primaryarms.com,6579976
eurasiantimes.com,6048298
yorozoonews.jp,4829415
defence-point.gr,4484489
spaceflightnow.com,4266523
zona-militar.com,4223062
armyrecognition.com,4208561
spacenews.com,3973947
zoom.earth,3446509
mod.go.jp,3366337
imfdb.org,3278381
nato.int,3150067
defence-blog.com,3114810
bulgarianmilitary.com,3097212
defensenews.com,2844918
defencereview.gr,2608933
armadninoviny.cz,2590141
realcleardefense.com,2321946
naval.com.br,2273215
ptisidiastima.com,2257509
militarywatchmagazine.com,2181636
defense-arabic.com,2129763
defense-arab.com,2114672
ukdefencejournal.org.uk,2068418
trex-arms.com,2027000
defenceturk.net,2025317
byrna.com,1974250
airspace-review.com,1960546
baesystems.com,1957332
savunmasanayist.com,1906838
usni.org,1887979
navalnews.com,1834393
defencenet.gr,1807655
magpul.com,1792152
dvidshub.net,1784286
forte.jor.br,1763675
aereo.jor.br,1689613
deltekenterprise.com,1658554
cavok.com.br,1645904
nasaspaceflight.com,1595212
silencercentral.com,1554344
kennedyspacecenter.com,1519670
northropgrumman.com,1507179
bearcreekarsenal.com,1505617
lockheedmartin.com,1485486
eurooptic.com,1462593
indiandefensenews.in,1448493
aimsurplus.com,1446679
breakingdefense.com,1417019
spacelaunchschedule.com,1385875
theaviationgeekclub.com,1377123
isro.gov.in,1311352
everydayastronaut.com,1304445
defensa.com,1293957
shootingillustrated.com,1275395
sgammo.com,1240163
zbiam.pl,1207718
sandboxx.us,1184663
defenseworld.net,1172216
infodefensa.com,1147519
turners.com,1112041
wearethemighty.com,1097269
airforcetimes.com,1092076
indomiliter.com,1082520
rand.org,1073940
maggedsupplyllc.com,1046379
defence.gov.au,1039853
eotechinc.com,1025349
danieldefense.com,1022427
meta-defense.fr,1009389
spacedaily.com,1001443
chpws.com,963557
agilitegear.com,956648
defenseone.com,923896
forces.net,917743
ar15discounts.com,881945
safariland.com,878159
surefire.com,876877
snafu-solomon.com,868656
defencehub.live,867037
capitolarmory.com,866614
wingtactical.com,864768
bravocompanyusa.com,862338
geissele.com,858053
ammunitiondepot.com,821080
haf.gr,818930
asc-csa.gc.ca,787529
thedefensepost.com,773119
navaldefence.gr,770312
umamusume.net,75789046
newagtalk.com,7885816
tractorhouse.com,5804309
backyardchickens.com,5617148
embrapa.br,5553344
deere.com,5414212
promessedefleurs.com,4905791
fast-growing-trees.com,4859915
farmer.pl,3561118
rareseeds.com,3364879
agrofoto.pl,3171509
kingmods.net,3155358
agrarheute.com,3092665
ypf.com,2996561
comprerural.com,2767670
gurneys.com,2729490
thompson-morgan.com,2672275
tractordata.com,2374834
canalrural.com.br,2343018
baumschule-horstmann.de,2168182
gardenia.net,2113918
burpee.com,2046024
machinerypete.com,2015598
angus.org,1993505
yesterdaystractors.com,1614982
wilsonbrosgardens.com,1566754
royalqueenseeds.es,1533608
johnnyseeds.com,1523453
homegrowncannabisco.com,1466376
starkbros.com,1463347
americanmeadows.com,1441785
megyeriszabolcskerteszete.hu,1440076
mapa.gob.es,1420583
brecks.com,1359866
infojardin.com,1316705
pleinchamp.com,1304967
prikkebord.nl,1293761
edenbrothers.com,1293698
tractorjunction.com,1293229
monrovia.com,1260835
pflanzmich.de,1257284
sag.gob.cl,1251768
willemsefrance.fr,1237435
verdecora.es,1211831
mfrural.com.br,1165828
hollandbulbfarms.com,1163763
topagrar.pl,1157452
noticiasagricolas.com.br,1140721
highcountrygardens.com,1110527
johndeere.com,1097200
iamcountryside.com,1072377
thelawnforum.com,1043475
ufseeds.com,1040758
fermedesaintemarthe.com,1025016
jacksonandperkins.com,1015903
kubotausa.com,1005602
thewendtgroup.com,970971
tygodnik-rolniczy.pl,970013
gardeningexpress.co.uk,961850
prairiemoon.com,956658
lincoprecision.com,943677
bichosdecampo.com,942194
agrolink.com.br,927850
botanistii.ro,922513
topagrar.com,920679
mypetchicken.com,906376
applejofarms.com,902910
aos.org,887887
naturehills.com,881417
dlaroslin.pl,864813
parkseed.com,849401
crowdfarming.com,836094
barn2door.com,831597
sodsolutions.com,823458
lamolina.edu.pe,806287
gardenseedsmarket.com,788212
greenhousemegastore.com,780898
bayer.us,772532
territorialseed.com,766629
tractorfan.nl,746702
bluestoneperennials.com,728535
ferrymorse.com,717823
kokopelli-semences.fr,716462
agcocorp.com,702842
meyerhatchery.com,702264
fwi.co.uk,698782
trueleafmarket.com,692569
senar.org.br,685854
agroinformacion.com,679847
intrac.lv,674662
jobshub.info,674507
thehappychickencoop.com,673454
landtreff.de,667367
grocycle.com,662187
educagri.fr,660647
agriculture.com,657539
terre-net.fr,653594
farmrio.com,652856
agriaffaires.com,652442
giardinaggio.it,651521
uber.com,124186455
irctc.co.in,108440369
ryanair.com,82865163
expedia.com,80111915
aa.com,75514245
flightradar24.com,66466414
flightaware.com,65043702
southwest.com,62852752
united.com,58830335
skyscanner.net,58123348
delta.com,57475857
trip.com,55710979
makemytrip.com,53087570
windy.com,48402623
latamairlines.com,42853493
kayak.com,41978632
tutu.ru,36703499
paytm.com,29084669
easyjet.com,27447072
lyft.com,26979570
goindigo.in,23775370
aircanada.com,23700106
lufthansa.com,23196611
airasia.com,22955825
ana.co.jp,22904020
alaskaair.com,22030497
skyscanner.com,21984908
wizzair.com,21490534
turkishairlines.com,20810088
qatarairways.com,20187668
aviasales.ru,20147946
britishairways.com,19949090
jal.co.jp,19683070
trafficnews.jp,19623298
dji.com,19459845
kiwi.com,17884506
emirates.com,17880450
rzd.ru,17824045
goibibo.com,17771880
skyscanner.co.in,17398760
flyfrontier.com,16848483
whatsaero.com,16480719
jetstar.com,16023504
spirit.com,15445734
obilet.com,15022193
qantas.com,14438732
jetblue.com,14297083
jetphotos.com,13620746
iberia.com,13378973
flypgs.com,13352351
voeazul.com.br,13310201
fujitv.co.jp,13030847
vivaaerobus.com,12505693
avianca.com,12498818
singaporeair.com,12409086
faa.gov,12400405
barclaycardus.com,12355102
skyscanner.it,11875592
skyscanner.es,11859040
expedia.ca,11853414
vueling.com,11729915
cebupacificair.com,10735592
thepointsguy.com,10727225
idrw.org,10559459
skyscanner.de,10553851
cathaypacific.com,10542710
aeroflot.ru,10516120
volaris.com,10367358
jetsmart.com,10210441
flightstats.com,10157971
voegol.com.br,10131808
aainflight.com,10023187
adsbexchange.com,9719058
easemytrip.com,9219708
tsa.gov,9171611
amadeus.net,9140582
transavia.com,9023688
airfrance.fr,8946787
vietjetair.com,8879270
skyscanner.fr,8797750
ixigo.com,8760352
travelocity.com,8747870
latam.com,8725431
flyscoot.com,8719042
mytrip.com,8439868
airindia.com,8347839
etihad.com,8286399
yatra.com,8280076
cleartrip.com,8261901
simpleflying.com,8176505
saudia.com,7985525
gotogate.com,7820747
westjet.com,7791580
cheapoair.com,7663007
aeromexico.com,7637578
allegiantair.com,7618283
airliners.net,7393172
spacex.com,7336824
evaair.com,7334538
plusgrade.com,7212965
shein.com,251287971
mercari.com,134768681
hm.com,102781298
myntra.com,93497005
macys.com,78726484
zara.com,72649193
shop.app,67814862
uniqlo.com,62222508
meesho.com,53470045
asos.com,46731887
poshmark.com,46578572
gap.com,46268110
ajio.com,41593075
nordstrom.com,35584496
jcpenney.com,35179083
netshoes.com.br,33039854
zozo.jp,31636602
stockx.com,31417766
zalando.de,27444871
qvc.com,25363643
coppel.com,23837384
sinsay.com,23175185
next.co.uk,22453149
warhammer.com,22026241
mango.com,21121705
tradeinn.com,19694795
marksandspencer.com,19595436
victoriassecret.com,19006147
depop.com,18464824
nordstromrack.com,17660699
zalando.pl,17041541
reserved.com,17039378
yesstyle.com,16847689
lenskart.com,16542315
dsw.com,16497287
shein.co.uk,16061771
lululemon.com,15981567
skechers.com,15727181
merchbar.com,15555845
vinted.pl,15127830
landsend.com,14290215
hottopic.com,14201088
fashionnova.com,14102345
lightinthebox.com,14060030
zappos.com,13946246
thredup.com,13943793
bershka.com,13727661
rstyle.me,13716539
ae.com,13700248
zalando.fr,13494886
c-and-a.com,13399328
veepee.fr,13224271
anthropologie.com,13001626
lamoda.ru,12710108
saksfifthavenue.com,12680625
teepublic.com,12601150
zalando.nl,12582628
shein.com.mx,12423923
coachoutlet.com,12388426
louisvuitton.com,12386694
urbanoutfitters.com,12299107
abercrombie.com,11972534
zennioptical.com,11851559
torrid.com,11672908
converse.com,11460931
tkmaxx.com,11276663
underarmour.com,11218512
zalando.it,11155442
snapdeal.com,11127005
printify.com,11061162
dafiti.com.br,11047958
deichmann.com,10988969
levi.com,10747111
boyner.com.tr,10657751
dillards.com,10369828
bloomingdales.com,10234504
drmartens.com,10101113
vinted.it,10076622
pullandbear.com,9978619
michaelkors.com,9936719
musinsa.com,9802771
belk.com,9574125
ccc.eu,9448113
ray-ban.com,9435907
llbean.com,9428375
crocs.com,9405152
mohito.com,9364531
yoox.com,8982770
zalando.es,8953159
eobuwie.com.pl,8915559
primark.com,8862836
patagonia.com,8767907
myer.com.au,8742201
lojasrenner.com.br,8653543
indy100.com,8531846
gapcanada.ca,8349587
aritzia.com,8336673
stradivarius.com,8327671
eyebuydirect.com,8290786
hollisterco.com,8285710
tvarticles.org,10450651
archdaily.com,9553254
dezeen.com,4283572
architecturaldesigns.com,3723539
larchitetto.it,3658152
planner5d.com,2999668
archdaily.com.br,2706452
by.me,2314908
archon.pl,2284036
homestyler.com,2225660
designboom.com,2173552
bibliocad.com,2030869
eyesonplace.net,2016574
floorplanner.com,1736932
houseplans.com,1698442
thegarageplanshop.com,1406960
graphisoft.com,1303784
dwell.com,1233208
houseplans.net,1178557
habitissimo.es,1152107
archdaily.mx,1096648
architecturaldigest.in,1089392
cronoshare.com,994365
komaki2.jp,959669
ambcknox.org,943677
tyreehouseplans.com,857652
houzz.es,836662
sweethome3d.com,834936
soloarquitectura.com,829571
re-thinkingthefuture.com,822845
kozikaza.com,814082
homebuilding.co.uk,797206
yinjispace.com,794004
wallpaper.com,788180
aia.com.hk,776544
cedreo.com,766819
architizer.com,746231
arkitera.com,721918
archinect.com,714383
arq.com.mx,661939
arup.com,657693
houzz.co.uk,646203
roomsketcher.com,635446
archello.com,587420
thehousedesigners.com,574226
ad-italia.it,572434
eplans.com,566346
mgprojekt.com.pl,563749
familyhomeplans.com,560543
divisare.com,560346
aia.com.sg,552782
theplancollection.com,544672
archdaily.pe,540055
d5render.com,528660
arquitecturaviva.com,509734
landezine.com,468932
archilovers.com,461972
lumion.com,453748
skyscrapercenter.com,452476
architecturecompetitions.com,439955
archdaily.co,433494
floorplancreator.net,431052
architectsjournal.co.uk,424639
ad-magazin.de,420450
arquitecturaydiseno.es,410850
houzz.it,399397
freecadfloorplans.com,389517
vectorworks.net,384621
inhabitat.com,374916
openhouseroma.org,370557
designingbuildings.co.uk,369712
domusweb.it,363099
tecture.jp,356929
interparking.nl,355852
tooba.pl,340237
wikiarquitectura.com,339737
new-house.com.pl,337823
dlrgroup.com,330718
perkinswill.com,325094
buildmax.com,321076
architecture.com,320124
aquitureforma.com,317815
dobredomy.pl,310792
arch2o.com,308730
hags-ec.com,307112
architectural-review.com,300856
firstinarchitecture.co.uk,295139
buildofy.com,284210
chiefarchitect.com,282637
themodernhouse.com,280944
gensler.com,278117
amazingarchitecture.com,277920
kienviet.net,275118
cadbull.com,272467
pibc.bc.ca,271821
whitemad.pl,270687
contemporist.com,269624
johnwebsterarchitecture.co.uk,261884
cedkhomedesign.com,259612
advancedhouseplans.com,258595
olx.pl,139574787
sahibinden.com,135689075
marktplaats.nl,87338660
mobile.de,86605510
drive2.ru,78672066
carfax.com,75648824
formula1.com,75051668
drom.ru,72831516
otomoto.pl,68173887
motorsport.com,62565761
usnews.com,62447639
cargurus.com,60586427
ebay.com.au,59627859
carview.co.jp,54888144
cars.com,53209010
autozone.com,48800460
justanswer.com,47988060
tesla.com,47683665
caranddriver.com,47247865
autotrader.co.uk,45585411
autotrader.com,43196328
wallapop.com,43120301
auto.ru,42699008
webmotors.com.br,42352111
edmunds.com,42030752
kijiji.ca,35088797
carsensor.net,34508839
kbb.com,33977346
toyota.com,33766629
gumtree.com,33752705
rockauto.com,31956771
olx.in,31880692
sto55.com,31807598
opensooq.com,31552937
canadiantire.ca,31526859
perfil.com,31522575
oreillyauto.com,30809851
ria.com,28976827
olx.co.id,28390965
carmax.com,27916949
cardekho.com,27825395
ford.com,27796135
uhaul.com,27508637
freep.com,26576447
kuruma-news.jp,26509900
coches.net,26219825
gpblog.com,26179895
trademe.co.nz,25890924
blocket.se,25830263
olaelectric.com,25493828
goo-net.com,24790413
kia.com,24168853
carwale.com,23924996
monotaro.com,23867309
aaa.com,23860789
planetf1.com,23368033
soymotor.com,22970722
jalopnik.com,22924143
haraj.com.sa,22907916
motortrend.com,22102448
motor1.com,22009965
car.gr,21658040
bikewale.com,21578631
consumerreports.org,21390066
autoscout24.de,21297210
formulapassion.it,20440878
buyee.jp,19944352
honda.com,19304140
team-bhp.com,19303561
offerup.com,19041724
adac.de,18997505
copart.com,18810979
gumtree.com.au,18682198
mobile.bg,18621824
autoscout24.it,18618543
carrosnaweb.com.br,18616258
carsales.com.au,18599650
carvana.com,18557083
tatamotors.com,18150167
farpost.ru,17387503
anwb.nl,17216845
hasznaltauto.hu,17136158
mforos.com,16977616
hyundai.com,16827554
lacentrale.fr,16622416
bringatrailer.com,16304722
advanceautoparts.com,15668989
enterprise.com,15549135
honda.co.jp,15043513
truecar.com,14814400
bikedekho.com,14708037
porsche.com,14670625
advrider.com,14430682
gridoto.com,14332218
skoda-auto.com,14211679
as-web.jp,14171942
icarros.com.br,14044503
volvocars.com,14032569
polovniautomobili.com,13731224
caradisiac.com,13642459
fragrantica.com,52311800
sephora.com,40525882
ulta.com,32042452
qvc.com,25363643
boots.com,18351601
nykaa.com,17615084
boticario.com.br,17038543
yesstyle.com,16847689
makeup.com.ua,15435398
telva.com,13925069
natura.com.br,13462656
goldapple.ru,11473852
fragrancenet.com,11448128
lipscosme.com,11428909
fragrantica.ru,11402128
primor.eu,10554147
druni.es,10422022
purplle.com,10329848
letu.ru,8351979
planity.com,7989032
shiseido.co.jp,7812401
eudora.com.br,7626123
myglamm.com,7581402
247mirror.com,7484997
fragrantica.es,7312296
ipsy.com,7270556
rossmann.pl,7084636
douglas.de,6935309
shoppersdrugmart.ca,6874896
superdrug.com,6807143
aroma-zone.com,6662633
rituals.com,6629501
doterra.com,6595881
stylevana.com,6517015
fragrantica.com.br,6335943
randewoo.ru,6274786
suslusozluk.com,6250103
wizaz.pl,6210821
hebe.pl,6151903
perfectcorp.com,6023728
notino.pl,5945106
kosmetista.ru,5606101
oriflame.com,5585216
avon.com.br,5444906
scentbird.com,5410413
sephora.fr,5194550
fragrantica.pl,5137566
incidecoder.com,5062913
ilmakiage.com,4946646
loccitane.com,4820681
epocacosmeticos.com.br,4582498
lush.com,4444302
mamaearth.in,4369593
fragrancex.com,4361488
parfumo.de,4335117
beminimalist.co,4294873
sallybeauty.com,4256242
lookfantastic.com,4144789
belezanaweb.com.br,4114299
drsquatch.com,4094202
elfcosmetics.com,4008025
themomsco.com,3927474
ewg.org,3886959
femaledaily.com,3830661
farmacity.com,3795031
soldejaneiro.com,3756966
colourpop.com,3654731
lyko.com,3548931
thebodyshop.com,3505367
flaconi.de,3474910
abroparaguas.com,3440741
lumedeodorant.com,3440146
notino.ro,3430383
cosme.com,3390453
organicharvest.in,3376951
drsheths.com,3367966
bombayshavingcompany.com,3354543
gratis.com,3308425
salcobrand.cl,3305929
nocibe.fr,3276327
cerave.com,3264308
glamour.mx,3243391
notino.it,3129076
niceonesa.com,3109133
matas.dk,2939683
discoverpilgrim.com,2874729
nivea.com.br,2809703
notino.cz,2797111
aurafragrance.com,2793738
tallink.com,2772049
justherbs.in,2758615
mcaffeine.com,2746961
superpharm.pl,2741370
rivegauche.ru,2739643
fragrantica.it,2696726
oliveyoung.com,2683539
youngliving.com,2663976
skinkraft.com,2633948
avon.com,2611299
yves-rocher.fr,2607820
wantgoo.com,25333492
panasonic.com,22875013
destinyitemmanager.com,13468420
siemens.com,13104995
arduino.cc,10803429
alldatasheet.com,8362689
histock.tw,7647978
goodinfo.tw,7395241
rs-online.com,7382584
philips.com,7263370
iett.istanbul,7129906
misumi-ec.com,6479831
steren.com.mx,6275036
victronenergy.com,5878627
digikey.com,5737266
mouser.com,5423258
ti.com,5146443
chipdip.ru,4559844
hackaday.com,4426365
schneider-electric.com,4329796
intel.la,4303576
pea.co.th,4211608
wbsedcl.in,3964035
ecoflow.com,3959958
abb.com,3903443
elarabygroup.com,3825918
nict.go.jp,3660475
ecer.com,3565808
qrz.com,3423998
groups.io,3338701
sanwa.co.jp,3302950
qualcomm.com,3235994
farnell.com,3131527
mivi.in,3105892
mitsubishielectric.co.jp,3023894
datasheetspdf.com,3004260
allaboutcircuits.com,3000069
govee.com,2987499
st.com,2981540
elegoo.com,2897310
electronicshub.org,2882030
diyaudio.com,2846291
candlepowerforums.com,2780061
dhbvn.org.in,2728281
industrybuying.com,2720038
adafruit.com,2639175
netatmo.com,2612661
eaton.com,2595791
statementdog.com,2555522
dynabook.com,2554922
fluke.com,2534976
samfw.com,2499999
shure.com,2460129
hackster.io,2436671
up-community.org,2404465
waltonbd.com,2346912
etm.ru,2318490
infineon.com,2312361
arm.com,2305051
ksdenki.com,2300532
robu.in,2287416
philips-hue.com,2255095
cadence.com,2206323
translatorscafe.com,2185951
tme.eu,2177436
ioffe.ru,2160659
wearn.com,2141514
smartthings.com,2137439
jlcpcb.com,2137158
interstatebatteries.com,2073137
panasonic.biz,2051651
alltransistors.com,2034884
intel.co.jp,2018460
electronicspices.com,1978757
newswitch.jp,1966316
renogy.com,1960046
jaycar.com.au,1948359
pcbway.com,1930766
boultaudio.com,1893260
mediatek.com,1892411
eevblog.com,1828740
cern.ch,1808985
lampsplus.com,1808465
panasonic.eu,1800316
viewsonic.com,1799989
nttxstore.jp,1777070
analog.com,1776031
polaridad.es,1774317
apc.com,1763312
randomnerdtutorials.com,1760963
enerjisa.com.tr,1759677
enc.com.pk,1756589
greenworkstools.com,1745166
asml.com,1735974
cxem.net,1729100
harman.com,1695456
ni.com,1695310
gore.com,1613921
electronics-tutorials.ws,1610564
audio-technica.com,1606387
mi.com,188144509
gsmarena.com,173827120
bestbuy.com,166185523
sony.com,113849193
huawei.com,87780979
t-mobile.com,87315509
cellphones.com.vn,62835848
mediaexpert.pl,58353867
lg.com,53856806
versus.com,53717123
kabum.com.br,46437220
ring.com,41496985
rtings.com,29254252
bhphotovideo.com,26603531
bestbuy.ca,23017929
pccomponentes.com,22918125
panasonic.com,22875013
euro.com.pl,21975009
jbhifi.com.au,21830148
fptshop.com.vn,21775717
vivo.com,21716557
dienmaycholon.vn,20847756
kimovil.com,20757755
oneplus.com,20486393
croma.com,19528613
ssl-images-amazon.com,19488004
dji.com,19459845
pichau.com.br,19069781
boat-lifestyle.com,17629393
acer.com,17434984
ifixit.com,16954544
gadgets360.com,16932405
coolblue.nl,16809404
mediamarkt.es,16782689
mobizil.com,16160015
hoanghamobile.com,15840822
terabyteshop.com.br,15466306
manuals.plus,13961768
gearvn.com,13399080
motorola.com,13260132
crutchfield.com,12764203
oneplus.in,12744767
vatanbilgisayar.com,12506294
skullcandy.in,12213127
fravega.com,12143422
phonearena.com,11706342
didongviet.vn,11492171
reliancedigital.in,11415474
celsoazevedo.com,10962262
sony.net,10744249
hardreset.info,10392960
alkosto.com,10324444
viettelstore.vn,10309957
elkjop.no,10303748
asurion.com,10126250
prisjakt.nu,10117655
jbl.com,10109679
mediamarkt.nl,9908850
corsair.com,9816660
logitech.com,9682950
brother.com,9654352
head-fi.org,9339224
wyze.com,9178452
bose.com,9120839
nguyenkim.com,8792637
clasohlson.com,8776390
blinkforhome.com,8685636
manua.ls,8657242
mediamart.vn,8433515
casetify.com,8419171
logitechg.com,8169336
tcl.com,8147280
epson.com,7779361
avsforum.com,7698580
home-assistant.io,7606945
elgiganten.se,7389369
backmarket.com,7370640
att.com.mx,7342544
unieuro.it,7151822
comfy.ua,6974787
vivint.com,6925569
whathifi.com,6744214
westerndigital.com,6695349
prisjakt.no,6660834
hc.com.vn,6659991
sonos.com,6619118
gonoise.com,6600018
priceoye.pk,6543466
gadgetsnow.com,6390566
extra.com,6348861
steren.com.mx,6275036
kogan.com,6211327
thegoodguys.com.au,6166526
tuya.com,6137632
electrodepot.fr,6112323
motorola-mail.com,5984293
btech.com,5953912
comprasparaguai.com.br,5944669
gigantti.fi,5943178
onlinealarmkur.com,5862115
bing.com,3272812128
netflix.com,1774728485
spotify.com,837469145
msn.com,824365582
dailymotion.com,577882904
amazon.co.uk,517047159
primevideo.com,398800451
gamespot.com,393724965
animeonline.ninja,332144202
rezka.ag,310228433
genius.com,295673835
disneyplus.com,284640357
webtoons.com,261603668
kinopoisk.ru,247667336
crunchyroll.com,244536265
webnovel.com,230245772
gamerant.com,218712916
tvtropes.org,209019915
screenrant.com,204759908
mydramalist.com,196888209
hulu.com,191312196
novelcool.com,186178093
mangasee123.com,180768010
justwatch.com,177152943
rottentomatoes.com,165129237
movies7.to,164980696
tokyvideo.com,159284037
xfinity.com,153751724
ticketmaster.com,152106602
tmz.com,150115557
vimeo.com,149549929
newsweek.com,145918147
shueisha.co.jp,143726505
polygon.com,128918620
jiocinema.com,125771261
anime-planet.com,123288909
goojara.to,121734297
filmweb.pl,121240556
kimcartoon.li,116771415
sky.com,116298494
liquipedia.net,112531326
riotgames.com,102033260
express.co.uk,92527924
lectormanga.com,90361200
plex.tv,87994073
spacebattles.com,87319992
cbr.com,87282353
filmaffinity.com,87277847
fmovies.co,84329704
bookmyshow.com,83308632
the-sun.com,82296113
nkiri.com,81860912
0123movie.net,78382366
fbox.to,77199113
paramountplus.com,76740550
bflix.to,76380722
justdial.com,75152521
viz.com,72027289
allocine.fr,71479080
shonenjumpplus.com,71308264
tubitv.com,70486074
discogs.com,68903552
greatandhra.com,68138448
movies2watch.tv,68025766
variety.com,67974199
allkpop.com,67915455
hotstar.com,67820683
peacocktv.com,67493856
dndbeyond.com,66434277
change.org,64439502
hbomax.com,64312151
pagesix.com,63464577
gmanga.org,61671366
inmanga.com,61535113
mangaupdates.com,61161351
anime-kage.eu,59005351
koreaboo.com,58654421
dexerto.com,58282212
bitchute.com,57971347
letterboxd.com,57637788
filmibeat.com,57394167
csfd.cz,57360328
m4uhd.tv,55285169
kotaku.com,55264142
deadline.com,53711326
ogladajanime.pl,52448166
roku.com,52361737
cuevana.pro,51502684
vlr.gg,51336409
ranker.com,51098885
letras.com,49562256
hollywoodreporter.com,49146206
toomics.com,49047947
msnbc.com,48775984
timesofindia.com,48010922
deezer.com,45474778
gamepress.gg,45384101
staseraintv.com,45376143
yahoo.com,4181015870
paypal.com,745868583
caixa.gov.br,373970520
coinmarketcap.com,267669563
zerohedge.com,265777751
tradingview.com,251728307
investing.com,189539804
chase.com,187162506
capitalone.com,179640581
hdfcbank.com,174497518
cnbc.com,165528464
businessinsider.com,154038278
reuters.com,149417171
zerodha.com,137188377
stripe.com,133963153
binance.com,132962441
bankofamerica.com,129009334
tinkoff.ru,124806813
wellsfargo.com,119824292
wsj.com,115767482
americanexpress.com,115539802
fidelity.com,102435551
adyen.com,95091220
moneycontrol.com,92341271
oraclecloud.com,91774687
coinbase.com,91661920
marketwatch.com,90795224
poste.it,86506018
rakuten-sec.co.jp,86275968
uidai.gov.in,84631298
creditkarma.com,84538713
icicibank.com,83446199
sbisec.co.jp,82291217
coingecko.com,79813759
phonepe.com,77957776
investopedia.com,75232558
wise.com,74468841
citi.com,73680885
interac.ca,71928546
schwab.com,71535752
money.pl,69773754
shop.app,67814862
bloomberg.com,67593594
ing.nl,67430094
experian.com,61771865
rediff.com,57895262
onlinesbi.sbi,57598985
synchrony.com,56530273
klarna.com,54991123
studentaid.gov,54960821
nerdwallet.com,54080376
rabobank.nl,53202347
ebanx.com,52418390
xe.com,51489144
discover.com,50573622
groww.in,48243094
billdesk.com,47902660
td.com,47887749
etoro.com,47420040
bankid.no,46351380
cash.app,44372285
epfindia.gov.in,44130075
sberbank.ru,44038169
revolut.com,43279940
upstox.com,42068996
forexfactory.com,41967414
mepsfpx.com.my,41836290
sbicard.com,41391217
serasa.com.br,40427268
payu.in,40130333
robinhood.com,39472477
payu.com,39163032
economictimes.com,39091730
kotak.com,38520424
credit-agricole.fr,38480865
axisbank.co.in,38455333
bca.co.id,37873718
axisbank.com,37792539
maybank2u.com.my,37539329
fool.com,37458828
rbcroyalbank.com,36899477
razorpay.com,36553506
infomoney.com.br,36224184
iqbroker.com,35732255
nequi.com.co,35692211
ft.com,35496770
nubank.com.br,35047986
tikkie.me,34935937
cafef.vn,34635398
pnc.com,34558031
nikkei225jp.com,34126699
boursorama.com,33467156
santander.com.br,33460505
pse.com.co,33408425
statefarm.com,33311315
smbc-card.com,33289918
incometax.gov.in,33213993
bancoestado.cl,32867021
bb.com.br,32658262
duckduckgo.com,4409833578
allrecipes.com,142191995
doordash.com,89679320
kurashiru.com,79217253
dominos.com,64028627
marmiton.org,62231842
foodnetwork.com,56617501
russianfood.com,56607612
giallozafferano.it,53743572
kroger.com,51980067
chefkoch.de,51669425
delishkitchen.tv,46809551
bbcgoodfood.com,46312281
recipetineats.com,43633801
instacart.com,40272645
tudogostoso.com.br,38042757
mcdonalds.com,36722996
tasteofhome.com,36274121
macaro-ni.jp,36188963
oceans-nadia.com,36179374
aniagotuje.pl,35493287
swiggy.com,34707973
delish.com,34681042
kwestiasmaku.com,34622032
eatingwell.com,32395433
pizzahut.com,32315652
jiomart.com,31415876
sallysbakingaddiction.com,31303599
cuisineaz.com,31170823
thekitchn.com,31137450
1000.menu,31020437
spendwithpennies.com,26616289
starbucks.com,25473573
publix.com,25286305
seriouseats.com,25160175
ah.nl,24886514
suntory.co.jp,24137289
foodandwine.com,22903087
loveandlemons.com,22821200
natashaskitchen.com,22670168
tacobell.com,22614419
takeaway.com,22547438
papajohns.com,22348107
lettuceclub.net,21983512
food.com,21909327
mcdonalds.co.jp,21328291
aldi.us,21204199
thespruceeats.com,21032537
ica.se,20427433
rewe.de,20327221
tastesbetterfromscratch.com,19817139
eater.com,19590395
sirogohan.com,18973050
simplyrecipes.com,18626075
heb.com,18552713
coles.com.au,18150287
thepioneerwoman.com,17757090
lieferando.de,17582900
tastingtable.com,17396407
thewoksoflife.com,17241830
ajinomoto.co.jp,17181605
directoalpaladar.com,16956159
just-eat.co.uk,16786140
bonappetit.com,16448831
littlecaesars.com,16336844
safeway.com,16249743
wolt.com,16076000
justonecookbook.com,15931596
jumbo.com,15750452
starbucks.co.jp,15446716
sonicdrivein.com,15279028
iamcook.ru,15195410
coca-cola.com,14963794
skylark.co.jp,14774590
nespresso.com,14715515
gimmesomeoven.com,14653198
fattoincasadabenedetta.it,14484019
budgetbytes.com,14286310
toprecepty.cz,14253109
cafedelites.com,14223164
yummly.com,14075340
onceuponachef.com,14075002
mindmegette.hu,14028936
meijer.com,13797531
einfachbacken.de,13782380
totalwine.com,13588571
matsuyafoods.co.jp,13193163
marthastewart.com,13174139
themediterraneandish.com,13010477
lidl.nl,12886574
chipotle.com,12766350
pysznosci.pl,12747339
cuisineactuelle.fr,12663022
ricardocuisine.com,12372157
downshiftology.com,12197192
kingarthurbaking.com,12178897
k-ruoka.fi,12156467
kyounoryouri.jp,12099227
tabsquare.com,12012139
intermarche.com,11966130
nih.gov,388607973
healthline.com,247550175
mayoclinic.org,196146522
webmd.com,129976646
medicalnewstoday.com,112812202
clevelandclinic.org,112712835
www.nhs.uk,68596779
kp.ru,61578711
msdmanuals.com,60714362
cdc.gov,60410143
harvard.edu,56354693
athenahealth.com,56265650
ameli.fr,53718866
medlineplus.gov,51770290
verywellhealth.com,50951641
aarp.org,48628036
doctolib.fr,47974104
tuasaude.com,43526252
kaiserpermanente.org,41545254
drugs.com,39463394
mykronos.com,35539310
phreesia.net,34107042
funktionstjanster.se,32022298
webteb.com,31928983
doctoralia.com.br,31877024
vinmec.com,31833265
1177.se,30571217
goodrx.com,29864200
google.com.eg,29282626
my-personaltrainer.it,29004170
uhc.com,28065385
abczdrowie.pl,27264729
verywellmind.com,25732688
medlatec.vn,25712416
hopkinsmedicine.org,24989199
saglik.gov.tr,23862623
imss.gob.mx,23276303
babycenter.com,22556768
who.int,22322485
healthsafe-id.com,21843529
labcorp.com,19300275
commonhealth.com.tw,19295081
siloamhospitals.com,18794408
questdiagnostics.com,18551416
tamanhhospital.vn,18354119
edh.tw,18337788
gov.taipei,18318353
plannedparenthood.org,18183856
doz.pl,17804845
health.com,17770345
znanylekarz.pl,17451460
kronos.net,17275304
janeapp.com,16977413
medscape.com,16474073
mp.pl,15879858
alberta.ca,15697024
cigna.com,15670464
optum.com,15650390
phreesia.me,15311571
ecwcloud.com,15166140
uptodate.com,15161837
whattoexpect.com,15108608
practo.com,14954478
heart.org,14951733
mountsinai.org,14932831
prodoctorov.ru,14247828
clalit.co.il,14243110
fda.gov,14207574
exct.net,13250460
doctolib.de,13046265
healthgrades.com,12963220
utah.edu,12839664
radiopaedia.org,12772844
lww.com,12771757
helsenorge.no,12737455
kidshealth.org,12655201
everydayhealth.com,12580853
insidermonkey.com,12149416
parenting.pl,11991417
heho.com.tw,11989470
medicinenet.com,11808464
alight.com,11726422
lybrate.com,11721511
providence.org,11619046
mohfw.gov.in,11336342
drmax.ro,11216845
mohw.gov.tw,11055585
osu.edu,11001055
invitro.ru,10889954
miodottore.it,10363984
tk.de,10289987
doctoralia.com.mx,10272170
memorial.com.tr,10224008
moh.gov.sa,10194277
betterhealth.vic.gov.au,10109481
studentdoctor.net,10099816
saude.gov.br,10099431
comunidad.madrid,10069228
advancedmd.com,9771643
hear.com,9751759
qualtrics.com,110368071
surveymonkey.com,86169295
cint.com,33724800
ssisurveys.com,22881825
alchemer.com,22582653
macromill.com,13123303
decipherinc.com,9185026
questionpro.com,8152751
lifepointspanel.com,7908124
hdvid.tv,7407070
confirmit.com,6270025
dynata.com,4840935
cross-m.co.jp,4324987
theoremreach.com,4046584
gfk.com,4005938
supernova.to,3823076
researchnow.com,3744761
businesswire.com,3705267
surveyjunkie.com,3688556
splendid-research.com,3641818
mobrog.com,3412080
gobranded.com,3001245
tolunastart.com,2915642
norstatpanel.com,2867811
globenewswire.com,2811142
cloudresearch.com,2737343
ipsos.com,2579563
shopyourlikes.com,2439793
anketolog.ru,2323477
researchonmobile.com,2251028
smartsurvey.co.uk,2232267
survio.com,2193189
kantar.com,2089765
pureprofile.com,2066322
pollfish.com,2054188
thepanelstation.com,2017042
userinterviews.com,1981366
surveygizmo.com,1964501
nielseniq.com,1827754
focusvision.com,1787722
apexfocusgroup.com,1783011
marketforce.com,1771164
legeropinion.com,1604148
mordorintelligence.com,1338554
intage.co.jp,1285412
htforum.net,1267662
globaldata.com,1262970
respondent.io,1147988
consumertestconnect.com,1060545
voxco.com,1052680
sawtoothsoftware.com,1015043
ktvn.com,988614
e-rewards.com,909707
oka-neko.com,892428
lamapoll.de,874784
chkmkt.com,838669
ipsos.com.tr,831963
nusaresearch.net,830536
paidfromsurveys.com,820802
questionpro.eu,818054
datanyze.com,807418
zappi.io,791046
surveylegend.com,788175
focusgroup.com,776158
walmart.net,764055
alhadi.my,758525
surveysensum.com,757689
shopmetrics.com,752349
kalvikadal.in,750013
savanta.com,737464
mysteryshopforum.com,734109
ibisworld.com,732031
mfmb.jp,725654
fieldwork.com,707447
ncponline.com,695180
tapresearch.com,677263
ishopforipsos.com,657630
snapsurveys.com,654717
wgiftcard.co,653156
qualimetrie.com,644930
recollective.com,642477
opinionoutpost.com,625975
wboc.com,611080
opinionbar.com,587034
quantilope.com,558492
testingtime.com,548515
focusgroups.org,537509
keyingress.de,533906
m3globalresearch.com,517760
curionpanelist.com,510592
bestmark.com,501797
supcolo.jp,497217
sermo.com,478832
survoxinc.com,477478
realeye.io,474984
origogroup.com,469470
sassieshop.com,466623
iss-mobile.com,461189
crowdtech.com,459601
v5global.com,454515
google.com,164568726251
youtube.com,110289979450
facebook.com,17890429543
wikipedia.org,9798099239
twitter.com,8990681582
instagram.com,8019779904
reddit.com,7759347035
amazon.com,4255845348
yahoo.com,4181015870
weather.com,3349065136
bing.com,3272812128
whatsapp.com,3257881288
twitch.tv,1884893704
microsoft.com,1881059850
linkedin.com,1866851512
netflix.com,1774728485
quora.com,1765894866
vk.com,1383364259
globo.com,1305184896
imdb.com,1278267753
cnn.com,1155498102
nytimes.com,1112119472
pinterest.com,1033907086
uol.com.br,974165491
marca.com,865271256
apple.com,842483912
msn.com,824365582
espn.com,819984646
dailymail.co.uk,809516794
bbc.com,807853848
bbc.co.uk,756513236
naver.com,744762948
accuweather.com,708073930
foxnews.com,693743622
samsung.com,674177499
dailymotion.com,577882904
theguardian.com,572860727
roblox.com,558585818
as.com,544758639
ign.com,484372782
vnexpress.net,472397717
line.me,416660495
detik.com,414396758
infobae.com,409708867
primevideo.com,398800451
google.de,394975404
gamespot.com,393724965
tumblr.com,355287629
cricbuzz.com,331471573
nypost.com,322037487
rezka.ag,310228433
genius.com,295673835
shopee.co.id,289433622
google.fr,288191666
disneyplus.com,284640357
amazon.fr,269841138
elmundo.es,267770505
coinmarketcap.com,267669563
zerohedge.com,265777751
interia.pl,264496715
webtoons.com,261603668
fextralife.com,258854926
tradingview.com,251728307
kinopoisk.ru,247667336
healthline.com,247550175
nu.nl,246860427
amazon.it,246716013
crunchyroll.com,244536265
gstatic.com,244128791
amazon.es,240010630
sport.es,239671073
wa.me,235120550
corriere.it,233056531
breitbart.com,227220558
mundodeportivo.com,225444769
ficbook.net,222935599
gamerant.com,218712916
ok.ru,218320889
gazzetta.it,218213230
laroza.net,216947783
indiatimes.com,215542686
manhuascan.com,213134726
repubblica.it,208657528
gismeteo.ru,208226035
kompas.com,204762408
screenrant.com,204759908
usatoday.com,203808030
nexusmods.com,203546187
wikihow.com,197040380
mydramalist.com,196888209
clarin.com,195229270
cookpad.com,193090729
game8.co,192382565
people.com,192336680
youtube.com,110289979450
wikipedia.org,9798099239
twitter.com,8990681582
instagram.com,8019779904
globo.com,1305184896
imdb.com,1278267753
cnn.com,1155498102
nytimes.com,1112119472
uol.com.br,974165491
marca.com,865271256
dailymail.co.uk,809516794
bbc.com,807853848
bbc.co.uk,756513236
foxnews.com,693743622
theguardian.com,572860727
as.com,544758639
vnexpress.net,472397717
infobae.com,409708867
caixa.gov.br,373970520
google.fr,288191666
elmundo.es,267770505
nu.nl,246860427
sport.es,239671073
corriere.it,233056531
breitbart.com,227220558
mundodeportivo.com,225444769
gazzetta.it,218213230
indiatimes.com,215542686
repubblica.it,208657528
usatoday.com,203808030
clarin.com,195229270
people.com,192336680
apnews.com,188806268
nbcnews.com,188764700
washingtonpost.com,188678734
forbes.com,187173613
kwejk.pl,182384162
leboncoin.fr,181931950
thegatewaypundit.com,180703138
elpais.com,179634219
news.com.au,177441387
drudgereport.com,174987089
oneindia.com,174155537
ansa.it,167428407
lanacion.com.ar,163188787
ad.nl,162597419
eenadu.net,162585219
gazeta.pl,160760343
kooora.com,156582908
elespanol.com,156000096
nos.nl,155634230
tmz.com,150115557
reuters.com,149417171
20minutos.es,149331028
bild.de,149129588
mediaset.it,145046810
brstej.com,141334266
telegraph.co.uk,140984358
npr.org,140106659
lemonde.fr,132622938
o2.pl,131714062
spiegel.de,131054485
rt.com,126595691
independent.co.uk,124262579
ndtv.com,121262533
brasil247.com,120132515
foxbusiness.com,119927234
ole.com.ar,119285322
is.fi,118187840
abc.es,117928802
goal.com,117452472
sky.com,116298494
lequipe.fr,115666058
cbsnews.com,115423949
cnnbrasil.com.br,114726714
metropoles.com,114450855
lefigaro.fr,112382118
abc.net.au,111721045
ilfattoquotidiano.it,111583613
focus.de,110473409
eltiempo.es,110280050
lenta.ru,109181409
hindustantimes.com,108517481
ekstrabladet.dk,108443671
ria.ru,107844240
elconfidencial.com,107673126
youm7.com,107561484
tagesschau.de,107360093
eluniversal.com.mx,106292277
n-tv.de,106136128
mirror.co.uk,105866243
news18.com,105833390
francetvinfo.fr,105760619
aftonbladet.se,105195962
tvn24.pl,105126561
nba.com,103145139
mlb.com,102419177
pudelek.pl,102340529
3bmeteo.com,101518143
yallakora.com,100266385
google.com,164568726251
netflix.com,1774728485
quora.com,1765894866
cnn.com,1155498102
nytimes.com,1112119472
apple.com,842483912
dailymail.co.uk,809516794
foxnews.com,693743622
theguardian.com,572860727
ign.com,484372782
nih.gov,388607973
nypost.com,322037487
disneyplus.com,284640357
medium.com,251546241
google.it,248098452
healthline.com,247550175
amazon.it,246716013
corriere.it,233056531
webnovel.com,230245772
breitbart.com,227220558
gazzetta.it,218213230
indiatimes.com,215542686
chess.com,212816274
repubblica.it,208657528
screenrant.com,204759908
usatoday.com,203808030
wikihow.com,197040380
goodreads.com,196802161
people.com,192336680
apnews.com,188806268
nbcnews.com,188764700
washingtonpost.com,188678734
forbes.com,187173613
news.com.au,177441387
drudgereport.com,174987089
huffpost.com,171099610
ansa.it,167428407
bestbuy.com,166185523
merriam-webster.com,166009019
cnbc.com,165528464
rottentomatoes.com,165129237
lightnovelpub.com,154741650
businessinsider.com,154038278
tmz.com,150115557
lightnovelworld.com,149183381
bild.de,149129588
newsweek.com,145918147
mediaset.it,145046810
researchgate.net,144811725
buzzfeed.com,142614496
allrecipes.com,142191995
cambridge.org,141390938
npr.org,140106659
xbox.com,139756727
sciencedirect.com,136548841
webmd.com,129976646
polygon.com,128918620
independent.co.uk,124262579
ndtv.com,121262533
boredpanda.com,121207328
foxbusiness.com,119927234
sky.com,116298494
cbsnews.com,115423949
epub.pub,115381767
britannica.com,114512793
medicalnewstoday.com,112812202
abc.net.au,111721045
ilfattoquotidiano.it,111583613
wiktionary.org,109327411
hindustantimes.com,108517481
n-tv.de,106136128
mirror.co.uk,105866243
gamesradar.com,105595839
chinatimes.com,103295007
hp.com,101105263
pcgamer.com,97942709
thesun.co.uk,97064760
express.co.uk,92527924
readmanga.live,90400354
aljazeera.com,89178460
t-mobile.com,87315509
slate.com,86903379
thehill.com,85275020
politico.com,84341621
the-sun.com,82296113
welt.de,81861240
ettoday.net,81741360
indianexpress.com,81505456
verizon.com,81338842
cbc.ca,80392198
protothema.gr,76160568
urbandictionary.com,74810686
rawstory.com,74227760
academia.edu,70884459
thesaurus.com,68900770
variety.com,67974199
zeit.de,67582360
knigavuhe.org,67314070
author.today,65605956
pagesix.com,63464577
aliexpress.com,1169922012
ebay.com,901092051
amazon.in,729952953
samsung.com,674177499
amazon.de,584277481
etsy.com,558345927
amazon.co.uk,517047159
walmart.com,475803956
ozon.ru,411558415
mercadolivre.com.br,345431793
flipkart.com,333709488
allegro.pl,309562196
amazon.com.br,301584950
homedepot.com,285828644
ikea.com,274531724
amazon.fr,269841138
amazon.ca,265570962
wildberries.ru,254193437
shein.com,251287971
avito.ru,248555945
amazon.es,240010630
amzn.to,237206892
ebay.co.uk,232217499
goodreads.com,196802161
trendyol.com,183241101
playstation.com,182884239
mangasee123.com,180768010
olx.com.br,173064251
mtlnovel.com,170022815
bestbuy.com,166185523
amazon.com.mx,163135893
target.com,162195195
lowes.com,150783786
nintendo.com,150188656
nike.com,149781820
ebay.de,149743235
kakaku.com,149494821
shp.ee,148099253
mercadolibre.com.mx,146843313
xbox.com,139756727
olx.pl,139574787
kamigame.jp,137409975
mercari.com,134768681
dns-shop.ru,130634692
mercadolibre.com.ar,130598733
cvs.com,126351077
costco.com,121013020
shopee.com.br,118469740
shopee.com.my,116273842
epub.pub,115381767
bol.com,114638063
sony.com,113849193
thegioididong.com,113166273
lazada.vn,110818137
wayfair.com,107894442
rakuten.com,103624921
magazineluiza.com.br,103554558
hm.com,102781298
shopee.tw,102070781
hp.com,101105263
myntra.com,93497005
shopee.co.th,92776834
asus.com,87803331
marktplaats.nl,87338660
lazada.co.th,86492256
hepsiburada.com,81436350
walgreens.com,81337193
olx.ua,80744909
bulbagarden.net,80736092
my-best.com,79238970
macys.com,78726484
amazon.com.au,77872778
shopee.ph,74773825
zara.com,72649193
harborfreight.com,72443886
viz.com,72027289
syf.com,72005669
rozetka.com.ua,70864024
reclameaqui.com.br,69231082
shop.app,67814862
idealo.de,67803533
knigavuhe.org,67314070
indiamart.com,66339050
skroutz.gr,65544454
amazon.com.tr,64044142
cellphones.com.vn,62835848
serebii.net,62308953
marmiton.org,62231842
uniqlo.com,62222508
dienmayxanh.com,61854288
kp.ru,61578711
pokemon.com,61566534
inmanga.com,61535113
lego.com,60065192
ebay.com.au,59627859
kohls.com,59502419
garmin.com,58679944
emag.ro,58655589
pepper.pl,58458437
mediaexpert.pl,58353867
booking.com,567818872
tripadvisor.com,181592284
airbnb.com,123106118
americanexpress.com,115539802
irctc.co.in,108440369
agoda.com,96758127
ryanair.com,82865163
expedia.com,80111915
wetter.com,76541489
aa.com,75514245
marriott.com,68443813
flightradar24.com,66466414
flightaware.com,65043702
bahn.de,64782658
wetteronline.de,61205743
united.com,58830335
skyscanner.net,58123348
trip.com,55710979
makemytrip.com,53087570
hotels.com,46252202
rome2rio.com,45424503
latamairlines.com,42853493
hilton.com,42052244
kayak.com,41978632
tiket.com,41290965
klook.com,38368932
tutu.ru,36703499
time.is,35546521
thetrainline.com,35325091
vrbo.com,34836338
tripadvisor.co.uk,33610246
nps.gov,33016754
traveloka.com,32313552
priceline.com,30106121
viator.com,29759274
tripadvisor.it,29175558
paytm.com,29084669
lachainemeteo.com,28759275
easyjet.com,27447072
hotair.com,26663158
check24.de,26294194
airbnb.fr,25803211
belgium.be,25633412
ihg.com,24913267
tripadvisor.es,24789217
goindigo.in,23775370
aircanada.com,23700106
trenitalia.com,23542065
lefrecce.it,23537380
lufthansa.com,23196611
renfe.com,23018184
airasia.com,22955825
jreast.co.jp,22630295
alltrails.com,22544967
airbnb.com.br,22224892
amtrak.com,22206229
skyscanner.com,21984908
redbus.in,21844122
jr-central.co.jp,21751030
airbnb.co.uk,21566656
wizzair.com,21490534
turkishairlines.com,20810088
qatarairways.com,20187668
aviasales.ru,20147946
tripadvisor.fr,20136850
tripadvisor.com.br,19993299
britishairways.com,19949090
tripadvisor.in,19807010
weeronline.nl,19657366
hyatt.com,19649906
abnb.me,19581128
accor.com,19334134
getyourguide.com,19159048
eki-net.com,18639482
mytour.vn,18233952
kiwi.com,17884506
emirates.com,17880450
weerplaza.nl,17837756
rzd.ru,17824045
goibibo.com,17771880
ns.nl,17756617
skyscanner.co.in,17398760
anwb.nl,17216845
ngs.ru,17129944
jr-odekake.net,17091841
kkday.com,17077444
carnival.com,16587064
royalcaribbean.com,16448625
skylinewebcams.com,16435145
jetstar.com,16023504
wikiloc.com,15777428
enterprise.com,15549135
spirit.com,15445734
tripadvisor.ru,15425632
in-pocasi.cz,15368037
tokyodisneyresort.jp,15110483
obilet.com,15022193
komoot.com,14607658
qantas.com,14438732
wetter.de,14425382
publicstorage.com,4282512
neighbor.com,1184591
storagearea.com,848750
cubesmart.com,827345
sarujagu.net,619294
storagetreasures.com,618559
lifestorage.com,544465
lockerfox.com,478088
sparefoot.com,470428
selfstorage.com,449927
crown.com,419271
usstoragecenters.com,413339
smartstopselfstorage.com,360788
accessselfstorage.com,322827
guardianstorage.com,294031
storage-mart.com,287241
zaikoban.com,273408
kiwiiz.fr,244960
ssi-schaefer.com,207190
midgardselfstorage.com,203732
kss.com.au,179653
longquyen.info,170709
bid13.com,152322
sitelink.com,147569
1800packrat.com,147216
toyotaforklift.com,144570
globalindustrial.ca,143338
totalstoragesolutions.com,136840
securespace.com,136474
derrels.com,132884
bigyellow.co.uk,130958
storebox.co.uk,119532
inbox-sklad.ru,112892
clutter.com,109730
jestocke.com,102975
resotainer.fr,100248
homebox.fr,100238
safestore.co.uk,100172
ocalt.work,95261
storageauctions.com,93806
creform.com,90064
ruthvens.com,89874
storespace.com,89106
birminghamracking.co.uk,85380
mercury-group.co.jp,84876
storquest.com,84340
kesatvlo.vn,84228
ar-racking.com,83164
tecrostar.com,82008
accessstorage.ca,80240
topregal.com,80061
bigdug.co.uk,80035
mmh.com,77786
goshelving.com.au,76992
ddiring.co.kr,76524
2626.co.jp,76239
sroa.com,76209
storemorestore.com,72905
costockage.fr,71688
publicstoragecanada.com,70027
stor-age.co.za,69652
ukstoragecompany.co.uk,69245
nationalstorage.com.au,67146
apfsa.net,67096
quickshift.in,67047
demeco.fr,66797
savebarn.co.nz,66253
tufferman.co.uk,65143
storageking.com.au,64578
selfstock.com,64410
onetechvietnam.com,63788
safeguardit.com,63403
nationalstorage.nz,62742
ttf.com.my,62042
bastiansolutions.com,61312
collegeboxes.com,60239
ritehite.com,58461
gostoreit.com,58299
interroll.com,55999
spacesaver.com,55591
trustedselfstorage.com,55331
bl-lager.no,55233
newcold.com,54678
superrack.com.au,54382
easystorage.com,54000
sitelinkstore.com,52893
whittan.com,52892
foxselfstorage.com,51228
gudvork.ru,50879
plastelo.ru,50570
demenagement24.com,50349
yourstorebox.com,50244
rapidracking.com,49616
lagerbox.com,49219
urbanstorage.com,48927
izmirraf.com,48192
apluswhs.com,47217
madixinc.com,46626
g-rack.co.uk,46557
mondialbox.com,46420
openai.com,2490602320
nih.gov,388607973
healthline.com,247550175
max.com,213302340
mayoclinic.org,196146522
webmd.com,129976646
cvs.com,126351077
medicalnewstoday.com,112812202
clevelandclinic.org,112712835
calculator.net,98304925
newsmax.com,95904977
www.nhs.uk,68596779
msdmanuals.com,60714362
cdc.gov,60410143
harvard.edu,56354693
halodoc.com,54620818
ameli.fr,53718866
medlineplus.gov,51770290
1mg.com,51740657
verywellhealth.com,50951641
doctolib.fr,47974104
tuasaude.com,43526252
psychologytoday.com,42778753
kaiserpermanente.org,41545254
menshealth.com,40440740
drugs.com,39463394
eatingwell.com,32395433
iherb.com,32330502
womenshealthmag.com,32296743
doctoralia.com.br,31877024
goodrx.com,29864200
my-personaltrainer.it,29004170
omnicalculator.com,26654438
verywellmind.com,25732688
fitbit.com,25449740
pricee.com,24357084
babycenter.com,22556768
gsuplementos.com.br,20919318
drogaraia.com.br,20729322
labcorp.com,19300275
sadhguru.org,18794187
plannedparenthood.org,18183856
health.com,17770345
myfitnesspal.com,17529835
janeapp.com,16977413
medscape.com,16474073
pharmeasy.in,16447709
cigna.com,15670464
uptodate.com,15161837
whattoexpect.com,15108608
practo.com,14954478
heart.org,14951733
mountsinai.org,14932831
vivastreet.co.uk,14930753
fda.gov,14207574
telva.com,13925069
booksy.com,13573296
shop-apotheke.com,13318819
doctolib.de,13046265
livestrong.com,13033566
healthgrades.com,12963220
doctissimo.fr,12813042
farmaciatei.ro,12760537
kidshealth.org,12655201
passeportsante.net,12610232
everydayhealth.com,12580853
wp.me,12508034
mindbodygreen.com,12242297
verywellfit.com,12111115
planetfitness.com,12013451
medicinenet.com,11808464
madmuscles.com,11730743
lybrate.com,11721511
strengthlevel.com,11664887
fahorro.com,11653130
self.com,11433207
vidal.fr,11101507
thebump.com,11074533
drogasil.com.br,11046344
drogariasaopaulo.com.br,10762606
outsideonline.com,10522525
alternet.org,10297279
eatthis.com,10288022
doctoralia.com.mx,10272170
betterhealth.vic.gov.au,10109481
saude.gov.br,10099431
hear.com,9751759
muscleandstrength.com,9744326
flo.health,9718220
netmeds.com,9714032
runnersworld.com,9603986
einstein.br,9548628
elsevier.es,9532637
unimeal.com,9429274
likeandshare.xyz,9332858
rochester.edu,9331286
girlswithmuscle.com,9320694
mensjournal.com,9305043
basic-fit.com,9076616
paguemenos.com.br,8925225
obi.de,17183459
toolstation.com,9072916
toom.de,9042046
tokmanni.fi,8437460
grainger.com,8275666
mcmaster.com,7052933
misumi-ec.com,6479831
truper.com,5974475
motonet.fi,5480018
puuilo.fi,5363991
k-rauta.fi,5004396
obi.cz,4365370
schneider-electric.com,4329796
sallybeauty.com,4256242
faire.com,3930177
abb.com,3903443
punipuni.eu,3900178
globus-baumarkt.de,3639463
metro-cc.ru,3585209
metro.de,3365832
manomano.de,3289476
zoro.com,3181630
supplyhouse.com,3092546
bauhaus.fi,3001431
toolstation.nl,2776313
hbm-machines.com,2688228
obi.at,2684758
bueromarkt-ag.de,2678115
eaton.com,2595791
hik-connect.com,2392998
etm.ru,2318490
baumschule-horstmann.de,2168182
biltema.fi,2036632
bricoman.fr,2012763
hornbach.at,1985303
geapplianceparts.com,1886705
zakaz.ua,1833363
ferguson.com,1825915
skf.com,1791132
dehner.de,1704373
metro.ua,1676906
lubera.com,1617876
restaurantdepot.com,1617393
grillsportverein.de,1600333
hvac-talk.com,1577608
wilsonbrosgardens.com,1566754
rockwellautomation.com,1505610
bandel-online.de,1500363
thomas-philipps.de,1470749
americanmeadows.com,1441785
sonderpreis-baumarkt.de,1435582
partstown.com,1423511
bauhaus.at,1406721
octopart.com,1402893
weldom.fr,1392770
globalindustrial.com,1384144
edenbrothers.com,1293698
toolnation.nl,1286546
chefstore.com,1273605
marcone.com,1272648
monrovia.com,1260835
ggmgastro.com,1256684
bricoman.pl,1252615
mscdirect.com,1245233
metro.bg,1232664
vevor.fr,1222683
entrepot-du-bricolage.fr,1197606
hellweg.de,1187754
sligro.nl,1185237
makro.nl,1153476
mastertools.nl,1141754
katom.com,1141568
nexterio.pl,1126586
highcountrygardens.com,1110527
deltafaucet.com,1101437
ecigmafia.com,1093717
makro.com.ar,1080139
centralvapors.com,1077149
blum.com,1072882
mecsu.vn,1037723
bouwmaat.nl,1022983
kiloutou.fr,1017997
valvias.com,1009930
metro.fr,976862
superdelivery.com,959626
onninen.pl,946386
rheem.com,946268
wuerth.de,937626
elektramat.nl,937109
hankkija.fi,934726
ridgid.com,929388
ikh.fi,924911
tim.pl,922128
hager.com,920548
gotools.de,919755
ipcamtalk.com,919708
bueroshop24.de,916857
rexel.fr,905875
vikiwat.com,902068
cedeo.fr,901654
activehosted.com,31780751
tastingtable.com,17396407
totalwine.com,13588571
aldi.co.uk,9031968
liquor.com,7675646
vivino.com,7303340
systembolaget.se,5710553
makro.co.za,5151266
wine-searcher.com,5049388
brandymelville.com,4632155
danmurphys.com.au,4295437
pricesmart.com,4248833
saq.com,3756338
whiskybase.com,3363473
diffordsguide.com,3343549
gall.nl,3117029
winestyle.ru,2852235
beeradvocate.com,2757436
punchdrink.com,2467531
alcofan.com,2466280
lcbo.com,2461507
alko.fi,2269503
inshaker.com,2265150
drizly.com,2202136
masterofmalt.com,2119204
thirstymag.com,2116332
thewhiskyexchange.com,2112855
vinepair.com,2020865
decanter.ru,2004624
winelab.ru,1984325
binnys.com,1948589
shopdutyfree.com,1914500
vinmonopolet.no,1848079
wineenthusiast.com,1780870
nakedwines.com,1719481
retoura.de,1701975
vinmanager.com,1579233
wine.com,1578148
dragonspiritsmarketing.com,1573365
revelup.com,1571728
affariflash.com,1433481
jamesonwhiskey.com,1424468
sklep-domwhisky.pl,1417837
cellartracker.com,1393992
amwine.ru,1344917
winnicalidla.pl,1344072
luding.ru,1336540
wine.com.br,1314431
evino.com.br,1292238
bodeboca.com,1258924
enoteca.co.jp,1258843
bswliquor.com,1224961
bws.com.au,1146985
kurand.jp,1132618
baileys.com,1071180
woodencork.com,1059043
bodegasalianza.com,1013030
aldi.it,1008479
winefolly.com,951414
delhidutyfree.co.in,944224
majestic.co.uk,920152
vineyardvines.com,901931
breakingbourbon.com,899981
simplewine.ru,883436
whisky.de,882171
bcliquorstores.com,880064
abcfws.com,870078
liquorland.com.au,868208
laithwaites.co.uk,854273
falstaff.com,827039
bevmo.com,813999
tannico.it,784622
beermenus.com,776030
my9.com.tw,773827
vinatis.com,769879
whiskeyonline.co.nz,760612
609.com.tw,760064
drankdozijn.nl,757678
winespectator.com,737136
klwines.com,716072
tilbudsugen.dk,715181
callmewine.com,714003
finestore.ro,709478
denner.ch,706853
bienmanger.com,702651
privatebin.net,695190
whiskyshop.com,678687
decantalo.com,672330
thebar.com,660058
drankgigant.nl,659486
chwinery.com,650265
ajirolife.com,637526
fleggaard.dk,628377
sgproof.com,626332
finewineandgoodspirits.com,606451
idealwine.com,605717
vino.com,595489
larvf.com,592783
southernglazers.com,588689
decanter.com,576480
geediting.com,18252301
wordcounter.net,13304220
reedsy.com,7483348
animedrive.hu,6664641
capitalizemytitle.com,5208343
abroadch.com,4777797
mania-of-football.com,3090990
resumeworded.com,2944891
prowritingaid.com,2830219
grammarcheck.net,2810709
lithub.com,2597772
thecontentauthority.com,1935624
spellboy.com,1473451
romioitispolis.gr,1382446
uit.no,1210763
grammarist.com,1187771
beterspellen.nl,1184019
jadeshiny.com,1147606
schrijvenonline.org,1113216
hemingwayapp.com,1092586
kindlepreneur.com,1077363
sematome.com,1076108
rezi.ai,1045989
edubirdie.com,986380
kotobee.com,815692
experteditor.com.au,755822
scribbr.co.uk,741763
chicagomanualofstyle.org,680623
the-efa.org,667120
enago.com,667099
writersdigest.com,664483
imagineforest.com,649219
nanowrimo.org,639337
theeclassifieds.com,623859
2chmeshi.net,614128
authorspublish.com,590955
essaypro.com,535796
wingsoft.it,528313
writingworkshops.com,528156
pw.org,521945
resume-library.com,507782
literarydevices.net,476579
discoverphds.com,467052
thewritepractice.com,453128
poetrysoup.com,436196
selfpublishing.com,429950
querymanager.com,422905
paperrater.com,416785
granta.com,409799
absolutewrite.com,407762
kdpcommunity.com,407339
freedomwithwriting.com,404745
grammarbook.com,402659
topcv.co.uk,397554
writershelpingwriters.net,389044
mythcreants.com,388421
squibler.io,384939
getfreewrite.com,383018
editage.com,373775
write-box.appspot.com,361756
papertrue.com,359586
theurbanwriters.com,358676
literatureandlatte.com,349305
letralia.com,339668
papersowl.com,338058
setonhill.edu,337608
nathanieltower.com,329532
querytracker.net,297739
proofreadingservices.com,295512
jerryjenkins.com,289112
thejohnfox.com,281432
writerbay.com,280454
janefriedman.com,278838
journeytokidlit.com,275434
writers.com,274367
pathtimeblog.com,262555
publishersmarketplace.com,256263
750words.com,252634
dailywritingtips.com,243843
sfwa.org,239128
novlr.org,239000
busboysandpoets.com,237985
trinka.ai,237581
curiosityneverkilledthewriter.com,237338
sentencechecker.com,236976
becomeawritertoday.com,235345
gmrtranscription.com,229515
inkforall.com,227421
residencesonfirst.com,224685
writerstudio.com.au,223600
copyhackers.com,223551
wordcounter.io,222655
topcv.com,221572
iwriter.com,219969
writingclasses.com,219531
wordvice.com,215827
ref-n-write.com,211854
paraphraz.it,210505
scribendi.com,201835
jerichowriters.com,196783
sharefile.com,1818
iconoffices.co.uk,1676
yourvirtualofficelondon.co.uk,1424
tide.co,1424
companieshouse.gov.uk,252
ustaxservices.ca,252
icaew.com,252
theaccountancy.co.uk,252
accaglobal.com,240
pwc.com,40
seedtag.com,20108
about.google,10306
shorturl.at,10306
nothing.tech,10054
g.page,10054
superawesome.tv,10054
ahrefs.com,6672
blogger.com,6048
constantcontact.com,5988
socialblade.com,5196
kaprila.com,4524
acceptableads.com,4264
impact.com,4160
monsterinsights.com,2848
introbrand.com,2848
smashinglogo.com,1464
databox.com,1424
fb.com,1424
affiliatewp.com,1424
halo-lab.com,1424
vwo.com,1424
egrow.io,1351
junglescout.com,1260
mailchimp.com,1190
textbroker.com,836
yaytext.com,796
semrush.com,796
moz.com,756
seoclerk.com,756
snapsave.app,750
biteable.com,646
linktr.ee,544
brandwatch.com,504
mediaad.org,504
invideo.io,452
fewfeed.com,394
smallseotools.com,332
duplichecker.com,292
myblogguest.com,252
lumen5.com,252
capitalizemytitle.com,252
inquivix.com,252
wati.io,252
tailopez.com,252
designcontest.com,252
jadewebdesign.co.nz,252
iqhashtags.com,252
socialstudies.io,252
webnode.com,252
podium.com,252
unibuddy.com,252
searchenginereports.net,252
dropshiplifestyle.com,252
hugeinc.com,252
metricool.com,252
toolzu.com,252
seoneurons.com,252
allinonedownloader.com,252
namelix.com,252
dareful.com,252
bitly.com,200
novin.com,120
bigcommerce.com,120
vidiq.com,80
designerup.co,80
logo.com,80
followchain.org,80
myfonts.com,80
flowrite.com,66
noobspace.com,40
marketingtochina.com,40
adcore.com,40
karokasb.org,40
ytubetool.com,40
gtmetrix.com,40
sellerapp.com,40
animoto.com,40
standecor.com,40
jamescole.co,40
growthdevil.com,40
partnerize.com,40
wooassist.com,40
rankmath.com,40
strikingly.com,40
marketbusinessnews.com,40
group.app,40
designhub.co,40
imagecompressor.com,40
yoast.com,40
tiktokcounter.net,40
bestofsigns.com,26
marketingirantalent.com,26
kochava.com,1
govtribe.com,394
spacex.com,252
dla.mil,252
af.mil,252
military.com,252
silencershop.com,40
space.fr,52
kalro.org,40
thisnzlife.co.nz,26
obilet.com,170918
ryanair.com,40216
trip.com,10854
biletall.com,10054
kamair.com,9563
crane.aero,8130
kiwi.com,6628
flyariana.com,6430
skyscanner.net,2968
kayak.com,2848
peshawarairport.com.pk,2848
dji.com,2848
windy.com,2520
flydubai.com,2349
momondo.com,1424
travelup.com,1424
somonair.com,1424
westjet.com,1424
pilotworkshop.com,1008
flightradar24.com,898
qatarairways.com,664
turkishairlines.com,544
icao.int,504
emirates.com,360
flightaware.com,252
faa.gov,252
airbus.com,252
airarabia.com,252
spacex.com,252
corridor.aero,252
avianca.com,252
wego.com,252
esky.com,252
aviation-safety.net,252
cheapflights.com,80
kenya-airways.com,80
omanair.com,42
oebb.at,40
jambojet.com,40
cleartrip.com,40
setarehvanak.com,40
barclaycardus.com,40
expedia.com,40
wego.pk,40
heathrow.com,40
globefeed.com,26
harder.dk,20108
zalando.dk,20108
hugoboss.com,10306
kaufmann.dk,10054
axel.dk,10054
wagner.dk,10054
lululemon.com,9968
brandsdistribution.com,7120
gap.com,4312
mybatua.com,1424
hyfve.com,1424
lululemon.com.au,1424
wholeearthprovision.com,1424
skechers.com,504
511tactical.com,394
jcrew.com,394
fynd.com,394
meesho.com,252
theleathershop.com,252
fromtailorswithlove.co.uk,252
gundara.com,252
leathercult.com,252
fakherleather.com,252
theleatherguy.org,252
odinleathergoods.com,252
montanaleather.com,252
leather4craft.co.uk,252
leather-eshop.com,252
fancyimpress.com,252
leather.com,252
wilsonsleather.com,252
leffler.com.au,252
schuhplus.com,40
dikhawa.pk,40
urbanoutfitters.com,40
bonfire.com,40
tkmaxx.com,40
arcteryx.com,40
nihaojewelry.com,40
patagonia.com,26
tvarticles.org,252
maramani.com,40
usnews.com,10346
biltorvet.dk,10054
olx.com.pk,1008
autotrader.ca,788
autoline.info,584
safedrivingforlife.info,504
mylicence.sa.gov.au,504
vininspect.com,504
motor1.com,474
superdavesautosales.ca,394
lexus.ca,394
canadadrives.ca,394
via-mobilis.com,252
kianbattery.com,252
mbvans.com,252
vehq.com,252
mbusa.com,252
elf.com,252
truckscout24.com,252
lexus.com,252
khodro45.com,252
mercedes-benz.com,252
hazardperceptiontest.net,252
mectips.com,252
paultan.org,40
electrifyamerica.com,40
climbingvan.co.uk,40
yellowpages-uae.com,40
motorsport.com,40
diecastmodelswholesale.com,40
dubizzle.com,1
jinny.com,5696
asianbeautywholesale.com,2848
drbronner.com,1424
neutrogena.com,1424
rdapromartstores.com,1424
bumbleandbumble.com,1424
luxplus.dk,504
benefitcosmetics.com,434
myminimo.com,394
kokorojapanstore.com,394
missomister.com,252
anunustores.com,252
drgitafaghihi.ir,252
youngsga.com,106
viewpoints.com,40
kiehls.com,40
ecer.com,20754
reksanregulator.com.tr,10054
arcangelelectric.com,10054
elicaelectric.com,1402
easyeda.com,1182
hiphensolutions.com,504
siemens.com,504
samfw.com,504
electronics98.com,394
hamyarsolar.com,394
zarindoc.ir,394
viavisolutions.com,394
iguzzini.com,394
irenx.ir,394
jycbattery.com,394
eca.ir,394
datasheetarchive.com,394
sinovoltaics.com,394
emdadip.com,394
orbtronic.com,394
czkennon.com,394
firgellirobots.com,394
belden.com,394
xilinx.com,360
mouser.com,360
alldatasheet.com,292
ntc-tech.com,252
kontrolkalemi.com,252
obdev.at,252
luminousindia.com,252
evatron.com,252
sonercorp.com,252
edaboard.com,252
esfi.org,252
infineon.com,200
arduino.cc,80
geekyengineers.com,80
ultraflexpower.com,80
ti.com,80
we-online.com,80
kesco.co.in,80
farnell.com,80
chintglobal.com,40
besttransformer.com,40
vectorbluehub.com,40
digikey.com,40
rfwireless-world.com,40
stl.tech,40
electrifyamerica.com,40
diteltec.com,40
arrow.com,40
sdi-tool.org,40
electronics-tutorials.ws,40
e-switch.com,40
chipfind.net,40
ni.com,40
techno.co.in,40
altium.com,40
translatorscafe.com,40
elprocus.com,40
digilent.com,40
sacredsun.com,40
lumel.com.pl,40
amx.com,40
mi.com,30162
gsmarena.com,14896
dji.com,2848
mifirm.net,2758
gizchina.com,1656
petra.com,1424
whatmobile.com.pk,756
mobiledokan.co,756
sony.net,686
samsony.net,544
bestbuy.com,504
samfw.com,504
fonearena.com,394
orbtronic.com,394
huawei.com,292
bhphotovideo.com,292
jabra.com,252
gadgets360.com,252
mega.pk,252
westerndigital.com,252
sulpak.kz,252
romprovider.com,252
bestbuy.ca,252
soundguys.com,252
startech.com,252
rzsmoke.com,160
corsair.com,120
mipod.com,120
tcl.com,80
audiosciencereview.com,40
phoneaqua.com,40
soundcore.com,40
smoktech.com,40
swappie.com,40
ziipstock.com,40
sony.com,40
vapesourcing.com,40
sony.co.uk,40
devicespecifications.com,40
drvhub.net,40
blackview.hk,40
hardreset.info,40
xmeye.net,26
security.org,26
sony-asia.com,1
bing.com,599379
480ptvseries.com,17212
netflix.com,13455
mydramalist.com,10094
paletten.dk,10054
bollywoodlife.com,10054
tokyvideo.com,10054
msn.com,5674
gmanga.org,4780
jiosaavn.com,3544
hulu.com,3356
deezer.com,3292
movies4u.co,2848
dailymotion.com,2088
m4uhd.tv,2008
movies7.to,1944
amazon.co.uk,1576
primevideo.com,1514
timesofindia.com,1462
shazam.com,1442
sanjaycomedy.com,1424
b4umovies.co.uk,1424
justwatch.com,1340
plex.tv,1256
novamovie.net,1008
kinocheck.com,788
screenrant.com,756
movies123.pk,646
tvguide.com,556
wikidata.org,530
rottentomatoes.com,530
movieweb.com,504
zee5.com,504
fzmovies.net,504
rezka.ag,504
uproxy.co,394
ssoap2day.to,394
mediaflix.co,394
b93.net,394
flixjini.in,394
reelgood.com,394
gamerant.com,394
sweet.tv,394
moviesjet.in,394
yidio.com,394
filmbaze.com,394
hindimovies.to,394
filmibeat.com,394
comicbook.com,394
tvchannels.live,394
sling.com,394
mytrustworth.com,394
mediakali.com,394
viki.com,362
themoviedb.org,344
indianidol.net,344
spotify.com,333
0123movie.net,332
trakt.tv,330
filmelier.com,301
genius.com,292
change.org,292
hungama.com,278
collider.com,278
vimeo.com,278
sho.com,270
webisoda.in,261
gaana.com,252
dexerto.com,252
the-numbers.com,252
variety.com,252
wynk.in,252
asianwiki.com,252
royalvio.ru,252
crunchyroll.com,252
faroutmagazine.co.uk,252
gamefabrique.com,252
gomovies-online.cam,252
tmz.com,252
mewatch.sg,252
filmaffinity.com,252
giantfreakinrobot.com,252
shemaroome.com,252
lyricsmint.com,252
deadline.com,252
zleague.gg,252
celebritynetworth.com,252
justdial.com,252
naijawide.com,252
bestsimilar.com,120
tubitv.com,106
my-subs.co,80
srtfiles.com,80
bookmyshow.com,80
rollingstone.com,80
ahg.af,80
chili.com,40
destructoid.com,40
animeland.fr,40
cartoonnetworkhq.com,40
hamropatro.com,371998
binance.com,54496
freebitco.in,28476
yahoo.com,21196
mexc.com,20189
octafx.com,20148
ziraatbank.com.tr,20108
paypal.com,15455
sarafi.af,10624
bybit.com,10306
investtech.com,10054
mobilepay.dk,10054
paysafecard.com,10054
bkm.com.tr,10054
gate.io,10054
economictimes.com,10054
quickpay.net,10054
dab.gov.af,9015
mercury.com,8772
tradingview.com,8502
stripe.com,6784
oraclecloud.com,3320
myfxbook.com,3152
mql5.com,2798
payoneer.com,2738
bitmart.com,2530
treas.gov,2269
anh.ir,1909
aib.af,1700
tide.co,1424
zarinpal.com,1424
billtrust.com,1424
exceldatapro.com,1424
bsi.ir,1424
ghazanfarbank.com,1380
moneygram.com,1260
amegybank.com,1260
xe.com,1128
unfcu.org,944
xt.com,898
cardinalcommerce.com,800
pocketoption.com,796
prokerala.com,788
blockchaincenter.net,788
forextime.com,756
latoken.com,756
businessinsider.com,646
wise.com,610
coinbase.com,504
gemini.com,504
investing.com,504
jobs.lu,504
rediff.com,462
iranicard.ir,420
afr.com,394
kanoonebourse.com,394
bjftradinggroup.com,394
cnbc.com,394
ig.com,394
onlinebank.com,394
trustcobank.com,394
academywave.com,394
dailyfx.com,394
coinpedia.org,394
citytradersimperium.com,394
blockchain.com,394
fxcc.com,394
metatrader4.com,394
profiletraders.in,394
forexbrokers.com,394
elitetrader.com,394
learntotradethemarket.com,394
vanguardinvestor.co.uk,382
oanda.com,372
gotradingo.com,332
unsacco.org,320
reuters.com,292
tronscan.org,292
brokerchooser.com,252
icm.com,252
fintechmagazine.com,252
newkabulbank.af,252
ibafg.com,252
riamoneytransfer.com,252
bitrefill.com,252
bill.com,252
coinmarketcap.com,252
visa.com,252
treasury.gov,252
bankofamerica.com,252
fusionmarkets.com,252
365financialanalyst.com,252
doviz.com,252
westernunion.com,252
secp.gov.pk,252
thecollegeinvestor.com,252
metal-creditcard.com,252
paypal.me,252
monito.com,252
globalratings.com,252
duckduckgo.com,25972
mexicanheart.dk,10054
rombo.dk,10054
torani.com,4666
dotfoods.com,1424
celticseasalt.com,1424
candyconceptsinc.com,1424
inheritancejuicery.com,394
snappfood.ir,394
kokorojapanstore.com,394
peets.com,394
appbrewery.co,318
gundara.com,252
smittenkitchen.com,252
nassaucandy.com,252
ilsalmoneselvaggio.it,252
approvedfood.co.uk,252
jiomart.com,252
navafresh.com,252
marketgate.com,80
kalro.org,40
monsterenergy.com,40
gfs.com,40
thewhiskyexchange.com,40
thirstymag.com,40
momontimeout.com,40
lacastellana.com,40
kogibbq.com,40
victorpetfood.com,40
recipetineats.com,40
kalleh.com,26
tuasaude.com,945076
sns24.gov.pt,70378
bbraun.co.uk,10054
sneakpeektest.com,10054
medshr.net,10054
cigna.com,3292
oralb.com,3242
medcarellc.com,2888
tena.us,1424
zoskinhealth.com,1424
biotrue.com,1424
msh.org,1182
health.com,1008
spine-health.com,756
moph.gov.af,582
clevelandclinic.org,544
healthline.com,544
faisaldar.com,504
pkli.org.pk,504
www.royalmarsden.nhs.uk,504
doctoreto.com,447
ruralhealthinfo.org,434
internationalmedicalcorps.org,412
medscape.com,408
nih.gov,370
mayoclinic.org,358
paziresh24.com,357
verywellfamily.com,252
kidney.org,252
dinstudio.se,252
coyleinstitute.com,252
diploma-msc.com,252
peakpharmacy.co.uk,252
pacehospital.com,252
mountsinai.org,252
nursinglicensemap.com,252
verywellhealth.com,252
cmdmarilia.com.br,252
agakhanhospitals.org,252
getgoally.com,252
harvard.edu,252
osmosis.org,252
ncsbn.org,252
houstonmethodist.org,252
scripps.org,252
innerbody.com,252
teachmeanatomy.info,252
msdmanuals.com,252
semmelweis.hu,252
fondation-optical-center.org.il,252
ahmetmaden.com.tr,252
ssodl.edu.in,192
msf.org,147
medicalnewstoday.com,106
medlineplus.gov,66
webmd.com,66
drugs.com,52
darooyab.ir,52
drjabbari.com,40
irimc.org,40
ucsfhealth.org,40
developer.api.nhs.uk,40
api.nhs.uk,40
nwgh.pk,40
proovtest.com,40
who.int,26
nhsinform.scot,26
practo.com,26
pampers.com,26
medscape.org,26
surveymonkey.com,1740
anparresearchltd.com,1464
marknteladvisors.com,40
tridge.com,26
qualtrics.com,1
google.com,6350228
youtube.com,4134761
tuasaude.com,945076
facebook.com,838119
bing.com,599379
whatsapp.com,473005
uol.com.br,402160
instagram.com,378355
hamropatro.com,371998
weather.com,306599
pinterest.com,247633
twitter.com,232948
wikipedia.org,213436
quora.com,94634
bbc.com,91015
amazon.com,90816
apple.com,76999
bandcamp.com,60324
chekad.tv,56588
microsoft.com,51442
reddit.com,50989
nepalipatro.com.np,50270
imdb.com,40810
linkedin.com,37106
samsung.com,35254
forbes.com,33108
fliphtml5.com,30202
tactiq.io,30162
imgflip.com,30162
mi.com,30162
sinemalar.com,30162
blog.google,30162
freebitco.in,28476
aparat.com,24999
yahoo.com,21196
softonic.com,20958
wa.me,20360
downdetector.com,20108
fazilettakvimi.com,20108
tv2.dk,20108
goalnepal.com,20108
businesstoday.in,20108
azadiradio.com,19616
tolonews.com,15852
gsmarena.com,14896
etilaatroz.com,14324
soft98.ir,14195
uptodown.com,13799
netflix.com,13455
digitaltrends.com,11678
merriam-webster.com,11270
wondershare.com,10918
myket.ir,10810
un.org,10758
goal.com,10584
ubisoft.com,10568
vk.com,10476
aa.com.tr,10448
usnews.com,10346
cafebazaar.ir,10332
indiatoday.in,10332
worldpopulationreview.com,10306
india.com,10306
tumblr.com,10306
fb.watch,10158
thetimes.co.uk,10094
bet365.com,10094
mydramalist.com,10094
eurosport.com,10080
euronews.com,10080
rubika.ir,10080
krak.dk,10054
therichest.com,10054
flashscore.com,10054
huffpost.com,10054
mumsnet.com,10054
soccerway.com,10054
livesoccertv.com,10054
tokyvideo.com,10054
awfulannouncing.com,10054
fak.dk,10054
artstation.com,10054
nationalgeographic.co.uk,10054
androidpolice.com,10054
trthaber.com,10054
kantipurtv.com,10054
jagran.com,10054
nepal90.com,10054
technopat.net,10054
psymedia.co.za,10054
liveleak.com,10054
amazon.com.tr,10054
bollywoodlife.com,10054
economictimes.com,10054
live.net,10054
himalayatv.com,10054
freepressjournal.in,10054
thepiratebay.org,9730
gstatic.com,9610
azadbazar.af,8820
youtube.com,4134761
uol.com.br,402160
instagram.com,378355
twitter.com,232948
wikipedia.org,213436
bbc.com,91015
nepalipatro.com.np,50270
imdb.com,40810
forbes.com,33108
businesstoday.in,20108
goal.com,10584
aa.com.tr,10448
indiatoday.in,10332
india.com,10306
thetimes.co.uk,10094
euronews.com,10080
bollywoodlife.com,10054
jagran.com,10054
economictimes.com,10054
liveleak.com,10054
noc.org.np,10054
freepressjournal.in,10054
islamqa.info,5948
scmp.com,4284
timeanddate.com,3959
foxnews.com,3024
jam-news.net,2848
cbc.ca,2772
cnn.com,2700
timesofindia.com,1462
afghanfashion.com,1424
voanews.com,1352
nytimes.com,1340
apnews.com,1248
indiatimes.com,1150
theguardian.com,898
mawdoo3.com,788
nbcsandiego.com,756
dorar.net,756
sistani.org,582
aljazeera.com,530
bbc.co.uk,526
alarabiya.net,504
binbaz.org.sa,504
al-maktaba.org,504
trt.net.tr,394
raposafixe.pt,394
nwaonline.com,394
didpress.com,394
abc7.com,394
nrk.no,394
filmibeat.com,394
islamweb.net,372
hindustantimes.com,318
wikishia.net,304
livemint.com,292
reuters.com,292
washingtonpost.com,278
naasan.net,252
celebfamily.com,252
aljazeera.net,252
khaledalsabt.com,252
nbcnews.com,252
rfi.fr,252
tik.lat,252
filmaffinity.com,252
ndtv.com,252
islamic-content.com,252
outlookindia.com,252
dailymail.co.uk,252
newburyportnews.com,252
people.com,252
tmz.com,252
celebritynetworth.com,252
islamonline.net,160
irannewspaper.ir,130
geo.tv,106
news.com.au,80
islamicfinder.org,80
drudgereport.com,80
dw.com,53
eurasiareview.com,40
acasus.com,40
royalgazette.com,40
wfla.com,40
ctvnews.ca,40
donaldjtrump.com,40
the-sun.com,40
foulabook.com,40
npr.org,40
chicagoreader.com,40
aaj.tv,40
gouvernement.fr,40
admzhuravlevka.ru,40
newscentralasia.net,40
express.com.pk,40
express.pk,40
nbcdfw.com,40
orf.at,40
koimoi.com,40
google.com,6350228
quora.com,94634
apple.com,76999
acs.org,40216
forbes.com,33108
blog.google,30162
storyweaver.org.in,30162
google.com.af,26768
medium.com,21674
businesstoday.in,20108
netflix.com,13455
digitaltrends.com,11678
merriam-webster.com,11270
cambridge.org,11182
indiatoday.in,10332
india.com,10306
nationalgeographic.org,10306
thesaurus.com,10094
thetimes.co.uk,10094
nationalgeographic.co.uk,10054
economictimes.com,10054
huffpost.com,10054
freepressjournal.in,10054
androidpolice.com,10054
hp.com,7832
scmp.com,4284
wikihow.com,3470
foxnews.com,3024
academia.edu,3000
learnreligions.com,2888
cbc.ca,2772
cnn.com,2700
researchgate.net,2362
phys.org,2116
samt.ac.ir,2016
hubspot.com,2012
cnet.com,1544
timesofindia.com,1462
reviveourhearts.com,1424
boxergifts.com,1424
nytimes.com,1340
apnews.com,1248
indiatimes.com,1150
health.com,1008
sciencedirect.com,933
theguardian.com,898
kinocheck.com,788
dorar.net,756
screenrant.com,756
britannica.com,730
businessinsider.com,646
space.com,570
lifewire.com,544
healthline.com,544
rottentomatoes.com,530
aljazeera.com,530
worldcat.org,504
techopedia.com,504
movieweb.com,504
fao.org,504
chess.com,504
manybooks.net,504
bestbuy.com,504
goodreads.com,504
opposingviews.com,504
theverge.com,434
chron.com,420
makeuseof.com,412
tomshardware.com,412
medscape.com,408
springer.com,398
qantara.de,394
oxfordreference.com,394
lulu.com,394
okstate.edu,394
notebookcheck.net,394
epubread.com,394
idoc.pub,394
cnbc.com,394
nih.gov,370
pdfdrive.com,333
xbox.com,332
ieee.org,332
hindustantimes.com,318
livemint.com,292
pcgamer.com,292
noor-book.com,292
techtarget.com,280
washingtonpost.com,278
collider.com,278
sho.com,270
notokmovie.com,253
soundguys.com,252
celebritynetworth.com,252
gq.com,252
nbcnews.com,252
gutenberg.org,252
thoughtco.com,252
celebfamily.com,252
thermofisher.com,252
daraz.com.np,70378
aliexpress.com,47123
samsung.com,35254
letgo.com,30162
ebay.com,22125
zalando.dk,20108
amazon.in,12616
hugoboss.com,10306
friluftsland.dk,10054
tangram-channel.com,10054
newbalance.gr,10054
greenlight-innovations.com,10054
supersavvyme.co.uk,10054
rombo.dk,10054
amazon.com.tr,10054
seikowatches.com,10054
homesrus.ae,10054
axel.dk,10054
consolevariations.com,10054
wagner.dk,10054
tissotwatches.com,10054
cdn-apple.com,10054
kaufmann.dk,10054
spejdersport.dk,10054
lululemon.com,9968
amazon.ae,7931
hp.com,7832
brandsdistribution.com,7120
mybeautysite.com,7120
centrepointstores.com,6584
farfetch.com,6584
sdaccs.com,6090
jinny.com,5696
gap.com,4312
tuinmeubelshop.nl,3292
colgatepalmolive.com,3242
wholesalecentral.com,2928
medcarellc.com,2888
puma.com,2888
oxiclean.com,2848
calsbeautyatx.com,2848
asianbeautywholesale.com,2848
dji.com,2848
anytimemailbox.com,2180
shepher.com,1937
retrospekt.com,1909
amazon.ca,1789
bargainw.com,1585
amazon.co.uk,1576
dollartree.com,1424
w3shopping.com,1424
alexandermarchant.com,1424
boxergifts.com,1424
superiorhairextensions.com,1424
theordinary.com,1424
hyfve.com,1424
hydroflask.com,1424
biotrue.com,1424
candyconceptsinc.com,1424
lucaspapaw.com.au,1424
febreze.com,1424
drbronner.com,1424
wholesalegoodz.com,1424
bumbleandbumble.com,1424
drmartypets.com,1424
tena.us,1424
neutrogena.com,1424
ccc-consumercarecenter.com,1424
dior.com,1424
irishspring.com,1424
lululemon.com.au,1424
cswg.com,1424
celticseasalt.com,1424
bouncefresh.com,1424
wholeearthprovision.com,1424
deepblue.com.au,1424
indiamart.com,1332
playstation.com,1182
royalcanin.com,1182
crayola.com,1182
digikala.com,1080
flipkart.com,1048
torob.com,886
unsplash.com,770
whatmobile.com.pk,756
mavigadget.com,646
regowholesale.com,610
technolife.ir,556
centralsports.co.uk,504
goodreads.com,504
luxplus.dk,504
lifetimeleather.com,504
bestbuy.com,504
skechers.com,504
worldcat.org,504
canondriver.net,504
walmart.com,504
ebay.co.uk,452
amazon.de,434
benefitcosmetics.com,434
obilet.com,170918
ryanair.com,40216
booking.com,35394
afbudsrejser.dk,30162
mfa.ir,23542
enuygun.com,20108
showaround.com,11392
dfds.com,11098
agoda.com,10980
trip.com,10854
tripadvisor.com,10362
biletall.com,10054
travellingnepaltips.com,10054
namchey.com,10054
kiwi.com,6628
flyariana.com,6430
shahpalacehotel.com,5696
trivago.com,4666
travelmyth.com,4272
hotelscombined.com,4272
skyscanner.net,2968
kayak.com,2848
gogaffl.com,2848
adventuresoflilnicki.com,2848
flydubai.com,2349
bakuhotel24.com,1424
visahq.ca,1424
prestigia.com,1424
wanderlog.com,1424
hyatt.com,1424
guestreservations.com,1424
westjet.com,1424
priceline.com,1424
visahq.com,1424
somonair.com,1424
thelisbonconnection.com,1424
szechenyibath.hu,1424
momondo.com,1424
hotelplanner.com,1424
hometogo.com,1424
travelup.com,1424
petfriendly.io,1424
hotels.com,1424
traveltajikistan.net,1424
time.is,1008
flightradar24.com,898
latitude.to,788
qatarairways.com,664
newfoundlandlabrador.com,596
turkishairlines.com,544
xuatnhapcanh.gov.vn,504
worldtimebuddy.com,434
zoomlife.ir,394
mapz.com,394
hilton.com,394
jabama.com,394
snappfood.ir,394
unesco.org,372
emirates.com,360
ivisa.com,292
airarabia.com,252
jamejamonline.ir,252
theblogofdimi.com,252
ambafrance.org,252
happyzebra.com,252
flightaware.com,252
wego.com,252
indianvisaonline.gov.in,252
esky.com,252
mfa.gov.ir,252
evisa.gov.tr,252
konsolosluk.gov.tr,252
health98.ir,252
visalist.io,252
govt.vn,252
avianca.com,252
belgium.be,120
asatideonline.com,120
cheapflights.com,80
kenya-airways.com,80
amta.com,52
omanair.com,42
oebb.at,40
shopmiddleking.com,40
cleartrip.com,40
setarehvanak.com,40
heathrow.com,40
tehranpayment.com,40
visitdartmoor.co.uk,40
peakvisor.com,40
expedia.com,40
thinkgalapagos.com,40
wego.pk,40
auswaertiges-amt.de,40
qatarvisacenter.com,40
tripadvisor.co.uk,40
timehubzone.com,26
samseir.com,26
cgie.org.ir,26
smartraveller.gov.au,26
